ply
format ascii 1.0
element vertex 2129
property float x
property float y
property float z
property uchar red
property uchar green
property uchar blue
end_header
-3.726118490789134 -0.4409205150029215 16.88962633304385 255 255 255
3.1166217946913575 1.1889415391356242 17.483387804745615 255 255 255
-2.818574653380109 -0.9875656381345349 17.053548327102344 255 255 255
-1.8995250679450852 2.2533205541737433 16.92294682643749 255 255 255
2.4074024512339602 0.9465242056494176 18.375446777048793 255 255 255
-3.014449241230164 1.6800353193047237 17.090481417304705 255 255 255
2.302486156120123 1.2850283211985534 18.92699517564736 255 255 255
-5.248904372033714 -0.3401305531411464 17.008751783929345 255 255 255
-1.6963021609374904 -1.3703686088283857 17.198163976870926 255 255 255
2.377078300405224 -1.25529676323818 17.90231563212063 255 255 255
2.2698395354495213 -1.314428568503723 18.366946991115125 255 255 255
-3.8641091929184626 0.10161815395776828 16.195673899769012 255 255 255
-3.0670526827524225 0.7713929025086491 17.2533984039945 255 255 255
0.2349410074710938 1.0509869272548338 17.7428416078975 255 255 255
-3.8110297160593536 -1.1138659928398793 16.380678058955446 255 255 255
-2.6618764838375113 -1.3139502306227002 17.067839869960636 255 255 255
4.296627686285808 -2.9551202493855717 17.6703287835378 255 255 255
0.42254573042505195 0.7841674060404578 17.8243440637285 255 255 255
-0.33254465403858935 1.1037841433577174 17.471104504246263 255 255 255
-3.856186961963222 -0.36460821588537146 16.300101529235942 255 255 255
-1.9662733600186963 -0.8718219578343167 17.31635034282197 255 255 255
3.0110132628668786 -0.05635879432963252 17.364557256304238 255 255 255
-3.7141527547614923 -0.850583597406018 16.758380324946764 255 255 255
3.94782235387856 0.31522468562474326 16.56202276310213 255 255 255
2.8812504266133825 2.566408841140754 17.81970452576964 255 255 255
-1.8794694078015919 0.4682402578490151 17.22635102325541 255 255 255
-2.231480655340396 -0.7868826483521019 17.42774720575351 255 255 255
3.78358166414695 0.3219236348217405 16.57346478729773 255 255 255
3.2637639195993238 2.1968340061805134 17.497885356202854 255 255 255
2.4510566736031016 0.36437016520386606 18.554079621184638 255 255 255
-2.9759551987414374 0.9095145288298462 17.238246010418123 255 255 255
3.403879999604659 1.747245828060858 17.011050593328815 255 255 255
-3.2855863625171766 0.6288367496061111 16.774181036145848 255 255 255
-3.903174390049606 -0.4797710784467532 15.855751601935504 255 255 255
-0.8331185465115215 0.7776380682818466 17.670270771176796 255 255 255
3.15759695281535 0.32573410878075276 17.48154806010282 255 255 255
3.360573962135637 2.224668800398959 17.49571830591318 255 255 255
2.869448130805568 -1.7521312086886047 17.94369229980748 255 255 255
-0.09254185197909119 1.1184368139701517 18.287502241187095 255 255 255
3.371514455995172 2.3738403725073263 16.998872584460273 255 255 255
-2.4458414619349886 -0.25146148986263606 17.24287009245615 255 255 255
2.8291971630191477 2.682578328058419 18.05858752305367 255 255 255
1.1968235481367633 2.918308619889213 18.053751087353994 255 255 255
3.0101079672326474 3.5622308043538786 16.965033938841835 255 255 255
2.942376402039027 -0.6183887113989246 17.2894528529296 255 255 255
-6.2144260395428566 -1.8860280312497109 18.036049060094683 255 255 255
3.763391723699558 2.1195484355269802 16.914502478762838 255 255 255
1.7887084506391755 -1.929091054565843 18.490997539381567 255 255 255
-2.9757255239666636 -1.7277796413361959 17.208916647993433 255 255 255
2.0018753088003187 -1.2334618439604046 17.885752735534393 255 255 255
3.4295646533390634 1.891629226703824 17.19318849354221 255 255 255
3.055640254622832 2.6767548331395217 17.290959663214572 255 255 255
-0.8205307425719245 -1.119647451073748 17.97896441546836 255 255 255
-2.493062376596205 -0.0006609900581428966 17.36748405436002 255 255 255
-3.82840632757666 -1.4221902073629649 16.07820443050146 255 255 255
-0.3955169390228634 -1.0907486286696502 17.858411744570805 255 255 255
2.9174148682062686 2.5903099423900757 17.9841645046211 255 255 255
3.099657203692016 -1.7814679046631667 17.65546644624238 255 255 255
-2.5528285637468997 0.31173159538455486 17.341362197113952 255 255 255
1.6146102831654092 1.8237223742442852 18.264922798669502 255 255 255
3.9813256334381633 -0.7688558289212213 16.368421290674345 255 255 255
-3.525468579280187 -1.2219523795973837 17.082852156029812 255 255 255
-2.1565835059979666 0.5047145273207141 17.36991123963893 255 255 255
3.7442382066302833 2.5091068566731805 16.690542365390304 255 255 255
1.7797728805197919 0.47361561436117394 18.21144366637881 255 255 255
1.1482252775886672 1.0079190770783228 18.14392347533627 255 255 255
-3.53793400953857 1.8721115497651315 16.941797816900877 255 255 255
2.849947339301021 3.4437235114071805 17.19843671056536 255 255 255
-4.165009836079014 -2.292878274960617 15.597256309205127 255 255 255
3.394078074552085 1.3745996560537874 17.550341667139154 255 255 255
-0.5810175739151362 0.6037285320389405 17.75902015981126 255 255 255
-1.5474036939008726 0.9772890322737608 17.270907979622166 255 255 255
-4.335574757291132 0.17264484766092197 15.806068509866261 255 255 255
-2.4455734905508377 -1.2110532727861683 17.223062008910016 255 255 255
-4.005064718805668 0.8986067224579523 15.72827895697336 255 255 255
3.1965919921020465 -1.7583468211021849 18.062471551124425 255 255 255
-2.4181145367857013 0.9462074787641239 17.181437711631 255 255 255
-2.6420839419255655 -1.5073653331575354 17.367356031146247 255 255 255
-3.5863686789344835 1.3777016242950917 16.73106501605661 255 255 255
0.7804239356238044 1.0046816750831038 18.05752405240834 255 255 255
3.6942749859145083 0.22857010014673101 17.303853694862138 255 255 255
3.7228975013663597 0.8326588144111031 16.465013404578457 255 255 255
3.1304819523373926 -0.4134065630695857 17.342102101276875 255 255 255
1.5763293523695021 -1.2475322670602442 17.842386028004253 255 255 255
3.6790080122657987 2.94328201753982 16.76456815936219 255 255 255
-3.427917609541067 -1.2596709195353415 17.01043797543341 255 255 255
-3.646040075845465 -1.442733894556584 16.84714829936687 255 255 255
-4.709723978298325 -0.832265130465873 16.3321491587082 255 255 255
-1.663508328704857 0.9911270804533073 17.444826914307043 255 255 255
3.2940688528702826 -0.9746926496610377 18.588599128249847 255 255 255
3.1638320342510617 0.19232645296416714 17.3924655072059 255 255 255
2.631394502727094 -1.830198614083887 18.960770743251306 255 255 255
-1.4539354647924867 -1.2595706732756415 20.69847459982589 255 255 255
3.6908064433194587 -2.4991896968651734 17.41954316019883 255 255 255
-3.9373855087245495 -0.1228947768204869 15.601351051561254 255 255 255
-4.874460636133006 0.9952046405202138 16.433340674035218 255 255 255
-2.6552218840647908 -1.048015874298164 17.21877101564341 255 255 255
1.472711972543379 -1.294697533334732 18.250172034342462 255 255 255
2.5649871082405498 -0.3987009130623925 18.06704854652977 255 255 255
3.8529803490718573 1.2136478501754846 16.707521063887164 255 255 255
0.5071727400085918 0.6857191571612752 17.877224307166703 255 255 255
-2.545562841259069 0.6631093949291401 17.30200077682974 255 255 255
2.5625099018064055 2.1023351620206276 18.026473610589917 255 255 255
3.784163714936158 0.41683066992509604 16.54092597136649 255 255 255
3.9492527545120293 -1.4851239795458737 16.608474331470052 255 255 255
3.226159636343868 1.1396034117544753 17.55118985974189 255 255 255
-1.7668480611484512 2.652511372975451 16.7938708379507 255 255 255
-2.414524388169115 -2.0684915950169507 17.408788762833037 255 255 255
-3.5144365779943896 -1.3958937556242803 16.93573275075783 255 255 255
3.337889113983569 -1.3768256467447662 17.158206929579784 255 255 255
-5.137250418393444 0.28445934052826716 17.049373441872117 255 255 255
2.6544471405342698 0.58831262762908 18.12898803904968 255 255 255
-2.6953548335395827 0.10607328619008918 16.82891837183341 255 255 255
-1.7228736312760728 -1.2919631797058388 20.592439698324306 255 255 255
2.5591002998969583 -1.0253625372929476 17.621650665580212 255 255 255
-2.887219800812431 2.6998473065388735 17.316781781233345 255 255 255
2.5769275029533687 0.12757547046307507 18.757417306050538 255 255 255
-2.799794885665682 0.3044784183862858 16.99112344688648 255 255 255
1.1456011798084524 -1.3688529441358421 17.789063961266685 255 255 255
-2.562492520776442 1.4135209290620647 16.952068353533907 255 255 255
3.501001500687979 1.5651202326840647 17.005322379621447 255 255 255
3.8241848378090024 -1.1208842475774146 16.25590340292411 255 255 255
-3.788764645491159 0.572515700280211 16.792706195390775 255 255 255
0.02240461790316166 2.6113298217333205 17.32476907273622 255 255 255
-5.400607085370922 -1.4525982092091354 17.21319972474061 255 255 255
-3.7238055604951565 1.7286023045017043 16.573573343136477 255 255 255
-1.7906687398020302 -0.7757081406326927 17.794445409561988 255 255 255
-3.5642296906736286 1.3618002496843986 16.854781532894656 255 255 255
2.946183372385763 -1.4594533093872308 17.127984547370705 255 255 255
3.782740091953537 -0.2739610624499499 16.415041667710184 255 255 255
3.2877061915618615 -0.7921255369636434 17.219821284672626 255 255 255
-1.99189310523869 1.2258794072740646 16.878053000402787 255 255 255
-5.593455384446982 -1.9124222530916393 17.568461372132237 255 255 255
-2.87094529495518 1.522998471385423 16.911051400753465 255 255 255
2.132972711864225 -1.3425028499405498 17.880899042978417 255 255 255
3.416838332802661 1.756056098396249 17.09689708031516 255 255 255
3.307659133003376 -1.848904650416677 17.233620508874324 255 255 255
-4.4933737851578845 -2.108048082261617 15.901881480354769 255 255 255
2.7141018600588804 -1.1702978539477893 17.642784364087532 255 255 255
-2.742409462661769 -0.7401301905699089 17.1256416305883 255 255 255
3.3157951881809584 0.2781445809083252 17.413503338155085 255 255 255
3.54311255317829 0.3313984821522305 16.91497583159447 255 255 255
2.927640508028423 -0.36905668303414685 17.817879360568217 255 255 255
2.6129524996121236 -0.8138276540032522 18.275668316689238 255 255 255
0.6712720820992631 0.7928255196827049 17.901635933128688 255 255 255
3.692817342781314 1.147076151182975 17.053504098774848 255 255 255
-3.6187030064404597 1.5769155493398628 16.54431315109417 255 255 255
-3.9899004295208136 -0.9199863247671207 16.82357339779803 255 255 255
2.639347179838208 3.610272379026595 18.343920845184684 255 255 255
-2.0282176099756515 -2.0745485911084764 17.72670322091209 255 255 255
2.971383307687758 0.11055597468550189 17.913080203556063 255 255 255
0.4550791479439788 0.5753177189699615 17.870438354131373 255 255 255
-1.7258053385348346 -1.7487264533606963 17.97835367042513 255 255 255
3.1159203912600812 -1.0019158081726436 17.252047423485315 255 255 255
-5.21457322215411 -1.324301241236082 16.945466078281758 255 255 255
3.8425503455409067 2.8425489381551574 16.517960421999387 255 255 255
-3.02000984406335 0.14099917592408223 16.95988618174658 255 255 255
-0.27045251543709864 3.149878008093373 17.825485530491406 255 255 255
2.454015448014674 -0.9501008778524028 20.279150109178826 255 255 255
-2.752886838631162 -0.9370528826430515 17.191467606782595 255 255 255
2.376937457288422 -1.0330384447873164 18.202359042557696 255 255 255
3.6554785585130785 3.2258459394112866 17.265555640960567 255 255 255
3.648121186149839 -1.2296891250081354 16.58957904841457 255 255 255
-2.1802726939210206 3.3917380080046136 17.322902670868153 255 255 255
-0.24074672401956274 0.28585627956089704 18.29857517305664 255 255 255
2.6955267565346643 3.0593764288208645 18.05093975831989 255 255 255
-2.7567848579553353 0.2957480168122766 17.232367210396685 255 255 255
-3.752193420800383 -1.585285154463276 16.588790561003535 255 255 255
3.0127140294789405 0.9544707958420534 17.525503177908668 255 255 255
2.376162018393155 3.6136346769041126 17.30778396652414 255 255 255
-3.1336875934256985 -0.3054742555899798 17.192802280671586 255 255 255
-2.2179648507620784 0.4524701012935711 17.32024767416487 255 255 255
-3.7534993755373707 0.804657162690456 16.73803798195904 255 255 255
-6.431887777819916 -1.5561463875839192 18.773278608001434 255 255 255
3.944457676104259 -0.2696421834585483 16.46156967167839 255 255 255
3.0604129964806246 1.4191873658202943 17.526380675589625 255 255 255
-3.31008126783831 -0.861568554536275 17.08771718496909 255 255 255
3.304856728921253 0.8788564211059191 17.490734245613243 255 255 255
-2.995826906916273 -0.2218156494469327 17.22716677145421 255 255 255
-0.10179167129120244 -1.0312351959227661 18.228205562118504 255 255 255
-1.2240632256297697 2.5444149575036223 17.62218471350329 255 255 255
-3.945891688093513 -0.19976737696787683 15.983051855144215 255 255 255
2.8112162850758335 -1.0248700779661204 18.010175182577573 255 255 255
-3.748951758190433 0.21884354124359273 16.309033002484902 255 255 255
2.854304128833536 2.234021198008742 18.078695075977944 255 255 255
-2.031858685983881 2.5334898744646397 16.730704085012434 255 255 255
-2.51927440927923 1.2034997566195127 17.164971691462103 255 255 255
1.115347164292826 3.2695371369038826 18.16873416951774 255 255 255
3.9130444282765984 -0.8910211706570541 16.64548464255861 255 255 255
2.2057693866979853 -1.0505693935212703 18.51213383816873 255 255 255
-3.081413260037436 -1.6709233385849063 16.902960561723887 255 255 255
2.96069569295192 3.434761562840801 17.182996842359742 255 255 255
-1.4630730857905134 2.5742662392604836 17.575080065771783 255 255 255
3.1968089798873445 -0.4803059817518368 17.396448027248297 255 255 255
3.2551840242544414 2.4622216225115903 17.44972679245505 255 255 255
-4.0846972602530105 -1.5976561444344966 15.327784973965212 255 255 255
3.0555276363006034 -1.3431368266079236 17.088160990895336 255 255 255
-2.5310143800711242 -0.32042470894153835 17.337900071085034 255 255 255
1.2416436895892722 2.7576151508214357 17.59593916449365 255 255 255
2.689983590393461 -0.9490549965917643 17.63747884021843 255 255 255
3.9577221991307385 1.6249981932840367 16.674993219655125 255 255 255
-3.877042008379821 0.9948779853627644 15.92453786698472 255 255 255
-0.6967474067876689 1.1139161361476286 17.7493978729037 255 255 255
2.7944213496699453 -1.5460522476530532 17.519375759765747 255 255 255
3.948287807916625 1.4981801855059524 16.661592288286393 255 255 255
-2.561172858310801 -0.47075037446213114 17.35552809201495 255 255 255
1.600461485696576 0.9507155559861291 18.006756127032318 255 255 255
-2.145005080806736 -1.1082576068696275 17.432935182367448 255 255 255
-3.2916726704257155 -1.2233205782347631 17.097074723150932 255 255 255
1.653547389243659 0.5744762306309846 18.117086109759125 255 255 255
3.3151819402168563 -0.4740227362794011 17.338345469500066 255 255 255
-4.234481989574081 -1.8604887425423475 15.554144429446517 255 255 255
-2.6236244044172765 1.779886706185091 17.143950992961702 255 255 255
-1.393096305632591 0.5610921599863677 17.574410277520002 255 255 255
-3.190001937210931 1.3225249459815327 16.74440607679737 255 255 255
-3.989880010732574 -0.4358172364718298 15.656507208799201 255 255 255
-0.7949667585809749 0.679985291536426 17.685493591119357 255 255 255
2.7668961101422336 3.1687296106156624 18.090970135481136 255 255 255
-4.564577402839443 -0.8267974143126963 16.151894777072567 255 255 255
-2.581536608196009 -0.5594911894597208 17.32571586807751 255 255 255
2.1625010351991305 3.5841557782997757 17.754275295708826 255 255 255
-3.5548845655418475 -1.5192733112168417 16.777442689081756 255 255 255
-2.645859348083038 1.3933461337921216 16.992196582767537 255 255 255
-4.527201732706299 1.1163927604999355 17.543797227092256 255 255 255
3.686371895264383 1.4273394728537132 16.939611750379466 255 255 255
-2.487247277556717 0.6006610948928047 17.319551486173538 255 255 255
3.832454071245463 0.9419605902177923 16.635016157004717 255 255 255
-3.6625090405408764 -0.36550196209269153 17.01805700004977 255 255 255
1.0792169988846598 -1.042518103918726 18.401481824507805 255 255 255
-3.668071901092184 0.4314293126438339 16.999884797187264 255 255 255
3.0281435191117145 2.233212913834309 17.7427246366527 255 255 255
3.7320352279590088 3.127717098365218 17.14853808356241 255 255 255
-3.473561725532751 0.2089939880381017 17.08487523646626 255 255 255
3.3595255703564346 0.20272243975087573 17.284888148760878 255 255 255
-1.787213727721085 1.2985100292186207 17.238772346245902 255 255 255
-5.093664516049704 -0.48357647729832887 16.98940693093596 255 255 255
3.57276570688944 3.5452945438027323 17.82528602709331 255 255 255
-1.4574085651380557 3.162637627977047 17.490601542837965 255 255 255
3.1621003984290708 2.242819212800525 17.402295573757414 255 255 255
-4.037733874339757 -2.3659464377660586 15.79271104104104 255 255 255
2.8086732539762176 -0.4475733312543022 17.818069248992956 255 255 255
-5.195433403819961 -0.537626903763574 17.039226262355086 255 255 255
-2.7312883790821494 1.330526052146207 16.657472541990675 255 255 255
2.60691292904321 -0.6593983364830124 18.642496806622965 255 255 255
3.4966653064511726 3.701565604125655 18.431867466178268 255 255 255
0.21435288387114346 2.6155786502482914 17.806335744131854 255 255 255
2.8324073750788115 3.246460593320477 17.003014440949848 255 255 255
3.6786887291156756 2.1692974530201634 16.94595580895158 255 255 255
-2.5814237694560003 1.5750906075148956 17.0794660731727 255 255 255
2.557923875094799 2.7018238147248597 18.479429251968412 255 255 255
3.7499874377332723 1.2489027412295235 16.513843756376946 255 255 255
0.9236639020505757 -1.1528329814386609 17.993422232089213 255 255 255
2.7405349983393017 4.004178406920028 18.83942768785987 255 255 255
-1.8294925441657015 -1.1040143615701874 17.617194465475404 255 255 255
-1.7792745785876227 0.8489392859476431 17.213232428411704 255 255 255
2.8356888275760017 -0.6869047202972094 18.289165717879552 255 255 255
-2.7740715027539005 -1.12283381913764 17.251234303351268 255 255 255
1.121763278876243 -1.4514954979521213 17.98388232902628 255 255 255
2.474866204947959 1.0269810055611999 18.45978981669119 255 255 255
-4.588660156327821 -2.0806966959916537 16.106447591114488 255 255 255
2.6119515598646914 3.4513442446603793 18.54293205158515 255 255 255
-3.7849073746692263 -1.60630211131363 16.72317911902701 255 255 255
-2.8029191164854503 -1.1483892280672972 16.940288785974317 255 255 255
3.242081335246301 3.0043042384966228 17.09129938924734 255 255 255
-2.603634134881898 0.5893703815768605 17.20373258464428 255 255 255
0.9452205932725202 -1.372389089321455 17.793664095092122 255 255 255
-3.7230443567509757 -1.7238054142018324 16.494936638357554 255 255 255
3.5788105253481017 -2.3474690097653297 18.146883871501537 255 255 255
-5.4517279214083985 -1.397100509326544 17.367837318569187 255 255 255
-2.741889867283173 -1.5754917061584122 17.10753222013558 255 255 255
-3.6193899168174086 -0.5949331369317344 16.951520585865804 255 255 255
3.053857587363666 1.4187471745018505 17.505500267657155 255 255 255
-1.7259526227733717 2.4986046275526217 17.132936032818815 255 255 255
-1.9431343668292969 -0.9781853134666917 17.04198597880634 255 255 255
-6.4582981624276155 -0.9518890612620735 19.839765088526253 255 255 255
-5.3243494613419555 0.8818474932958463 17.32416474311408 255 255 255
3.2921968955228396 3.73538546429513 17.657201214628014 255 255 255
3.3984468984261524 0.16597623883875529 16.959006241756825 255 255 255
2.2235378691834677 3.309682737884682 17.786872320075624 255 255 255
-3.788050039886034 -2.047394889615261 16.202585552124486 255 255 255
3.1572303166888376 1.0468652757156194 17.469954933272394 255 255 255
3.4679320625639276 0.7629443534288234 16.965191033302755 255 255 255
2.8281700701325834 1.6539523205510713 18.057664553620924 255 255 255
3.694188584439144 -1.5112897738665168 16.11945420877892 255 255 255
-3.7064832351365284 -1.3271777589797484 16.806030150210862 255 255 255
3.4663655052283167 -2.2299456366926513 17.71467858730388 255 255 255
-3.8021906343671152 0.674295584924894 15.892681064228244 255 255 255
-2.2143001729608396 2.53682980392339 16.681484668597314 255 255 255
2.5443825238929865 -0.41336080138381465 18.834428910828162 255 255 255
3.3008794990197 2.8852971836712467 16.87111839266637 255 255 255
3.0106192258747893 0.35912682990067046 17.44177100583559 255 255 255
-5.340033074210487 -0.7062266495225724 17.283589569041165 255 255 255
-3.239800847711073 2.0939190183696748 16.823478279090125 255 255 255
2.1263916399744462 0.5710619830054323 18.19166485451522 255 255 255
-0.6870490184454885 0.9585638091097393 17.774287703355693 255 255 255
3.406798708169979 1.6538337326005448 17.15649987002604 255 255 255
2.3660549201701873 -1.202254952445659 18.575261063357065 255 255 255
3.627540507042425 -0.9012832947230985 16.843585029129507 255 255 255
-1.9345656196755558 -1.2711270021598877 17.37983486551603 255 255 255
-0.3704778293100809 2.5995894748504274 17.786912836331993 255 255 255
2.0804172047521927 1.19308342474356 18.157317544691153 255 255 255
-3.810714081987969 -0.25675185512259346 16.526525439141885 255 255 255
-0.07660758158950835 1.0803012824193037 17.84407199374006 255 255 255
2.9405720119109957 -0.057961816801129724 17.274518736232668 255 255 255
2.6774132445782484 2.351649022916557 18.101794542047276 255 255 255
-3.295117972366959 -1.6801737094773135 16.85782918511757 255 255 255
-3.1986500002624947 1.9620923114913416 16.799198955281657 255 255 255
-2.365995270435411 2.688581756424442 17.4118223610593 255 255 255
2.337614854126201 -0.5822819516212276 18.38317670110977 255 255 255
3.84398624241709 1.804474969688248 16.74847324368813 255 255 255
-3.204934692743667 2.0240851177507717 16.68762451644256 255 255 255
-2.749374505715916 1.7420305879189089 16.78627753032848 255 255 255
-3.423302536688644 -0.5194762657176104 17.159422496561035 255 255 255
-0.43988979171922526 2.707179114857939 17.22680169363767 255 255 255
3.362927683939011 1.0122430080946752 17.468942194215273 255 255 255
-3.911888305244583 0.8077230701645978 15.925551194188078 255 255 255
3.285759159902604 3.541334518506589 17.9224446788417 255 255 255
-0.21183551006057705 -1.6753308233683029 17.923911994608254 255 255 255
-2.3718306838231102 1.4971107499925713 17.281777860306637 255 255 255
3.709869488276322 3.236278800676497 16.94413152762579 255 255 255
3.028498473151545 -0.43278428494151755 17.50178553564272 255 255 255
-2.5624000647418526 0.5317380120919563 17.373107921769403 255 255 255
-3.494695381220974 1.6645049516530686 16.957104473487558 255 255 255
0.9089781290162888 3.420166554945179 17.716592544260045 255 255 255
3.8345389963981766 -2.076596682312737 16.159914494134295 255 255 255
3.2647624424227946 -1.6994573371417685 17.113925552466807 255 255 255
3.940779850258161 1.3600955405913495 16.615667932226405 255 255 255
-3.173153178031135 -0.6909079535560328 17.03608108931803 255 255 255
2.446407856755952 3.432356229477167 17.626233510206355 255 255 255
3.255918029502877 2.8711272141960666 17.549210073741715 255 255 255
3.38182842860902 1.631438144380739 17.487858882893903 255 255 255
-3.77478652197727 -1.905069025394627 15.875847782906025 255 255 255
-4.308055727038183 -0.46814908877077205 15.73556045077659 255 255 255
1.0380025518465767 3.3737697980827153 17.49872578587867 255 255 255
2.6774132445782484 2.351649022916557 18.101794542047276 255 255 255
0.8328501274401713 2.8535609785744382 18.00719257528337 255 255 255
-2.318000209917694 -1.1791618122105305 17.587520792073853 255 255 255
2.8816304234416448 -1.5699532001931216 17.452912969282792 255 255 255
3.883301437218259 -0.2933676492513357 16.46019303606602 255 255 255
4.03352552786469 -0.13164106007435628 17.149627929733963 255 255 255
1.2218987406152098 3.202959018578337 18.241348409996498 255 255 255
3.6074253543162005 -0.08303781770212064 17.290833949418584 255 255 255
-1.573448841799383 -1.4783001211326379 17.311789118539394 255 255 255
-2.2143001729608396 2.53682980392339 16.681484668597314 255 255 255
-3.442645261177095 0.7823285384827813 17.132037955354807 255 255 255
1.3756749838549416 0.8115818639337745 18.09132232984798 255 255 255
3.3572331151190546 2.7448222031230056 17.65643869222491 255 255 255
3.2958409121674133 0.3775722856114921 17.5102505178717 255 255 255
-4.520492033848339 -1.32119126499647 16.12227343238715 255 255 255
-1.4589279789105454 0.85509687565418 17.574760970741252 255 255 255
3.001512442099753 -0.8595844513562622 17.397329444694645 255 255 255
-2.620254142558125 -1.394652704651698 17.188847917608047 255 255 255
-3.2714371838857113 -1.295575320176013 17.136179979537246 255 255 255
2.6807028983549994 -0.17213128274054387 17.780503552291982 255 255 255
2.114634191040011 3.527307721290165 17.484269170048737 255 255 255
-2.6916607845789042 0.3918672775814595 17.161590638190003 255 255 255
1.4730969735548929 -0.9857143469551749 17.904646844135815 255 255 255
-4.043220586851154 -0.9329469882645101 15.481048410962318 255 255 255
-2.3740716614412394 -0.974383624339386 17.24139602860725 255 255 255
3.824795860538723 0.5441866225990701 16.506013919319066 255 255 255
-3.6902161073701008 -1.885424635726838 17.134813689605867 255 255 255
-4.883282501998366 0.008018030877725457 16.731606123263987 255 255 255
3.0127140294789405 0.9544707958420534 17.525503177908668 255 255 255
3.1085978360335265 2.6988134910859425 17.568841464061528 255 255 255
-5.116671012464195 -0.6912080368168564 17.035655827659035 255 255 255
-5.252288249963665 -0.6365713384419794 17.225616135533585 255 255 255
3.570506713532653 0.7119795928265205 16.807153151397664 255 255 255
3.109550439058949 2.3373388009695404 17.427172249295285 255 255 255
2.930345220662812 -1.2085024147476422 18.018995161417816 255 255 255
-2.6616293394550614 -0.250753410701968 17.307323310844087 255 255 255
-2.781831306576536 -1.5253257833547857 17.330026884847094 255 255 255
-0.00015719215257659584 2.5966441286786264 17.949788665613184 255 255 255
3.001301568052628 -1.259280856772744 17.37205737205363 255 255 255
2.613420387482951 0.5977530765356726 18.01082555804316 255 255 255
3.8502373103494163 -1.1827780842064022 16.268035944942405 255 255 255
-3.5781596280129606 -1.2515821774211586 16.909655078859846 255 255 255
-3.8823914905167265 -1.1337864296728069 16.95304181147527 255 255 255
2.613420387482951 0.5977530765356726 18.01082555804316 255 255 255
3.0074450379449216 3.2662142130736944 17.545680313211747 255 255 255
1.0797950098289035 -1.1068490315064223 18.124038387366774 255 255 255
3.2069515516144906 -0.22397657130287887 17.31964010013001 255 255 255
-4.288698531383355 -2.2412563114674673 15.523253868110881 255 255 255
-5.838877068961494 -2.2305330180872582 17.83437827720368 255 255 255
-2.7816785368734536 1.7521190280235852 17.008275810312398 255 255 255
0.9171921765973315 -1.2848943034283369 18.115659578857677 255 255 255
2.4388150833361304 -1.4015890436427754 18.11011556921289 255 255 255
-0.2807910844289736 3.167466198386186 17.858088966722896 255 255 255
-1.8721137415565756 -1.1640137082577073 20.836260415836843 255 255 255
3.707049495815757 2.57395246806097 16.82409109512321 255 255 255
3.7079362459730425 0.13298517893271297 17.034485607747886 255 255 255
3.244247077639331 -0.40192859313151663 17.36936435692363 255 255 255
-2.64751328415242 0.23784189347968138 17.25531570968898 255 255 255
-3.820327357845742 2.004721638132677 17.266251360145628 255 255 255
-1.8242746916696824 -1.1565886255752535 17.4621843682386 255 255 255
-5.5136044793976335 -1.7686805176225042 17.224963694388745 255 255 255
-1.9142746685126857 0.4988211315764796 17.352706861248112 255 255 255
-3.63026859313137 -1.1538897968574744 16.83007196595886 255 255 255
-5.266450406698649 -0.6397903861602195 17.18781020761145 255 255 255
2.4678665931989796 2.6100527314349895 18.56896744180574 255 255 255
2.2082815034302143 -0.6027426059570429 18.383893004025037 255 255 255
-3.0270284450069336 -1.0527575041284818 17.049607355376196 255 255 255
0.04791040154624545 3.098052527681225 17.884695375578858 255 255 255
3.3686542094741143 -0.5883361823140342 16.782200419702345 255 255 255
-2.761569507923127 2.4867447136264995 16.907319407391004 255 255 255
-0.16847254350076662 -1.06619281399038 17.894566315937013 255 255 255
-3.8469422800886868 0.21969249553749728 16.261337744820036 255 255 255
2.973580571435002 -0.7186364016178998 18.06086181155426 255 255 255
2.8809868817914466 -1.3233810450606602 17.62357999560129 255 255 255
3.106276735818081 -0.5605943140255663 17.29413625071649 255 255 255
3.7633461256500924 -1.1365068473834552 16.71534018881376 255 255 255
-2.3718734333067317 2.739349258965747 17.444796557668607 255 255 255
-3.052529732373487 -1.3667108840052475 17.081431586521987 255 255 255
3.7261623586309485 1.127939555813215 16.94069584376576 255 255 255
-5.504161048517597 0.0773673450262615 17.661302553960958 255 255 255
2.4278063513580856 0.30323802035108793 18.48582445880976 255 255 255
-2.9096445958238695 -1.6781769300877125 16.934745829630945 255 255 255
-3.326059198942842 -0.1223911984529004 17.18047295762582 255 255 255
3.1187704911140592 3.5016378233607752 17.588159552982336 255 255 255
-0.8268530539730351 -1.5923025880550494 17.688826656038913 255 255 255
3.2259934964006565 0.31790588580635776 17.587115110050835 255 255 255
-3.7699972233282772 -1.0117038509964895 16.646216564283407 255 255 255
-3.997441216217291 0.9999269671640565 15.840118091247442 255 255 255
2.4314514667144738 3.5279382904389966 17.827450078427805 255 255 255
-2.349540236381222 0.6931931249762973 17.28932976036177 255 255 255
2.847320254748713 2.4627187770850663 18.12664127744297 255 255 255
-0.13753360077050908 0.5801899014113955 17.820780352484718 255 255 255
2.338284641737764 -1.0762679552245185 18.5502452919854 255 255 255
3.945657826883351 0.7110448859292815 16.6286517659563 255 255 255
-0.12494110203575394 -1.6549038878522042 18.080784076228355 255 255 255
1.709832326157402 0.795458466679104 18.141940175281906 255 255 255
4.318337988855699 -2.851272306400203 17.549222483049512 255 255 255
-3.0298927920435137 0.6801118781557516 17.200064969892082 255 255 255
-0.49753934557257196 2.7207694493077144 17.09683081470597 255 255 255
-2.4289401130448804 2.924917156341816 17.445399786793505 255 255 255
-3.022497639486549 0.9901647313930542 17.219945402348447 255 255 255
2.928787629457601 1.373375363105043 18.00260991088306 255 255 255
-2.3678047553689687 -0.6344957759425491 17.355744748823874 255 255 255
2.949123822673319 -0.08875401487372189 18.209698642900346 255 255 255
-3.552123123680492 -0.09543634573930734 17.118220535999768 255 255 255
3.7777261192854703 1.0860305453412822 16.711258594021423 255 255 255
-2.1120934496440267 2.8772979039677553 16.511563749869705 255 255 255
3.7577776057862526 3.199847957613532 16.893578940047718 255 255 255
-3.4924692250116354 1.8602149659951914 16.71254349879131 255 255 255
3.235058141551618 -0.9971564583213068 17.22603310300067 255 255 255
3.862265042455302 1.7180978597273604 16.593188510226174 255 255 255
3.345598561839561 1.3886357884302847 17.3596541163565 255 255 255
-1.4281942846560243 -1.6076717469863837 17.811069718470954 255 255 255
-4.214876357811369 -2.0328324701632754 15.473773210161697 255 255 255
2.443023625664079 3.4878997446004703 18.463925600249148 255 255 255
-0.8478136770513056 0.5904219980025345 17.703791856199924 255 255 255
-4.06271762916605 1.5264134496280546 16.952874193202906 255 255 255
-2.6618915035066673 0.5640023145624252 17.023674991193406 255 255 255
3.803033951620135 2.011819302056282 16.671040502091635 255 255 255
0.8714089464151861 -1.4645568231141657 17.804861424315664 255 255 255
2.980889625842803 -1.8756933640819407 17.990765512112795 255 255 255
-3.6438400290975683 1.1735701257475633 16.689825856954368 255 255 255
3.8784869958129264 -0.1817421780607572 16.584813531528336 255 255 255
1.2171416875493997 0.4035940799658076 18.126936820070945 255 255 255
3.4125396113510535 0.7061588305873959 17.336287823365033 255 255 255
-1.609518031551831 -1.1776685551389456 17.366490482429022 255 255 255
2.6938803083410625 1.6219559316804297 17.915481556981643 255 255 255
-3.427917609541067 -1.2596709195353415 17.01043797543341 255 255 255
1.449428961040338 -1.3469417436169702 17.90363730986964 255 255 255
-1.209967256766984 -1.1391864701761225 17.942203129823508 255 255 255
-4.8839842839142635 0.2370233465748062 16.576636539015375 255 255 255
3.166289946671011 -1.9309382891593392 17.37784356280721 255 255 255
-4.024397215723058 0.9215258177083118 15.315294125683206 255 255 255
-1.4012626544275382 1.6797088481610987 18.11695529238633 255 255 255
-2.479705686252927 -2.0689024389073465 17.28655530492788 255 255 255
2.708603498233701 0.16348535547031234 18.097256946415083 255 255 255
3.721613367463134 -1.2565476959457 16.246636748458965 255 255 255
1.1502278964409796 0.79113894685417 17.993205399354014 255 255 255
3.7379885944385896 -0.4984070768264009 16.410868693678378 255 255 255
-3.6243557555865946 -1.624502287910725 16.792608006141048 255 255 255
-1.3651310849693703 -1.281868253002766 17.439164231136264 255 255 255
-2.4501851025514565 0.08852376289763826 17.296659067214105 255 255 255
-3.562526765118283 0.11269602253150329 17.04107611924148 255 255 255
1.2304311752225796 0.47816729817543924 18.143046714680874 255 255 255
-3.701183880382845 0.4857888563161567 16.921220022898503 255 255 255
-1.497703855693413 -1.4066971572919935 17.453765481670317 255 255 255
2.9138297913573807 3.1267680646669884 17.0266323396856 255 255 255
-2.745138084009244 -0.8309563449158031 17.249256113636267 255 255 255
-2.8017446940570494 0.17780667460612223 17.068140733279073 255 255 255
3.4892913592980253 2.213655336781878 17.107702472747327 255 255 255
2.6601111390536114 0.7703831700071769 17.942438858739806 255 255 255
-2.6592960445130736 1.5504618225186415 17.036002822480178 255 255 255
-2.8131888676261005 0.6815158760245702 16.855989973705995 255 255 255
3.004971560087944 -0.25123476053893734 17.866897176802688 255 255 255
0.9055021853234694 1.2622595742567084 18.391594233273427 255 255 255
-3.621586972973066 -0.4776476880475578 16.99247432514864 255 255 255
3.128339925981244 1.214845561951262 17.532974227921322 255 255 255
-3.8141604562795792 0.744358356194042 16.52993669109967 255 255 255
-5.815433071437833 -0.9502229518750774 17.948071717179996 255 255 255
-1.99189310523869 1.2258794072740646 16.878053000402787 255 255 255
3.0104271601452743 2.594120299523688 17.666242891013038 255 255 255
-1.6702605235548582 1.1164235695719062 17.42051715363422 255 255 255
3.151400573668631 0.5726106552894444 17.44584500614062 255 255 255
-4.4933737851578845 -2.108048082261617 15.901881480354769 255 255 255
2.294347154299307 3.540450048253373 18.203299836938605 255 255 255
2.482772344029187 1.4696063634054568 19.30452507001986 255 255 255
3.5253457375177155 2.964768896128361 17.07815213715074 255 255 255
-2.687210055449111 -0.6617110254819558 17.154720755408654 255 255 255
3.616323621623511 -1.4420833938417226 16.551955729210505 255 255 255
1.956580226574084 2.9692068209731755 17.602970111119713 255 255 255
2.983114384204741 0.9025781300438993 18.00764201988407 255 255 255
3.0082131556674288 0.9220560615613299 18.01676696564173 255 255 255
-1.9623555671521722 1.159924510053215 17.15159851196688 255 255 255
3.8923558883844476 2.7628521018825696 16.708858304556777 255 255 255
0.03900611079388805 0.8773714209322683 17.464205413207356 255 255 255
-5.3558156070271945 -0.6763777868139103 17.217629612943384 255 255 255
-1.7978296378754677 0.516696577796496 17.274976170804546 255 255 255
2.520132421530742 -0.6919019104826656 19.43632784479066 255 255 255
-3.066210447119371 1.4704333321851777 16.853508427195912 255 255 255
3.6032368676248647 -0.7212156628154718 16.770391991007685 255 255 255
-3.8211723245313833 0.23001046000207917 16.11554691782434 255 255 255
-2.7705810791782812 1.8582214128403818 17.068545019550776 255 255 255
3.7245756604419835 -2.0084117942966953 16.14046785909103 255 255 255
-2.144900488373373 2.721701376713746 17.003173555025096 255 255 255
2.4778073677381323 3.2773336487629385 17.46566536857735 255 255 255
2.7361981570070024 3.0712189288878684 17.573578167838896 255 255 255
-1.9653546596914855 2.217517078665699 17.676720557938683 255 255 255
1.392972238680713 3.0160585660293546 18.147746222518343 255 255 255
4.178969644457117 -0.7416944027062146 16.690386943753456 255 255 255
3.29559191217239 0.8818524303358556 17.456437480493978 255 255 255
-2.995826906916273 -0.2218156494469327 17.22716677145421 255 255 255
-3.4777583408681894 -0.21739567850317773 17.25076767180017 255 255 255
-4.055424009204056 0.7594561018437349 16.250197966500842 255 255 255
-1.1916875982265733 3.00350529864211 16.81190625697286 255 255 255
3.362927683939011 1.0122430080946752 17.468942194215273 255 255 255
2.799346813579999 -1.0180633882559058 17.97439419037585 255 255 255
-0.022826844374040353 -1.0845161784134643 17.898195392015353 255 255 255
3.480457328232773 0.8790680744754689 16.967390237009734 255 255 255
-3.952272384372054 1.8496290735625789 17.221834765879947 255 255 255
-4.041131595703656 -0.8763094882253406 15.754821046170687 255 255 255
2.540739196486614 -2.1809550842813374 18.993596734014844 255 255 255
2.796270636168759 -1.375055676211776 17.54606276753318 255 255 255
1.1547890748755951 2.668133175515847 18.27687990747803 255 255 255
3.6483289854432384 0.6731514394317094 17.027670140193624 255 255 255
-2.1495513807443647 0.9206821534755596 17.380297489931717 255 255 255
2.5890147095191316 3.44385475450861 17.35405595499261 255 255 255
3.7429596944475954 1.8763561165399238 16.7000232346095 255 255 255
-0.37530629993775805 -1.0604538722314096 17.91555855355618 255 255 255
1.6304981584439149 -1.1226039286753338 18.017879752093098 255 255 255
3.059658656997847 3.719945163566238 18.763203013723693 255 255 255
-3.092720629516048 -0.22135301611221822 17.2596309918782 255 255 255
3.4241902488852958 -0.6873457718553898 16.795065133499712 255 255 255
-0.9713522321124789 -1.5724423043658529 17.618051007594307 255 255 255
2.3502032584836563 3.2163275906189 17.561406708800522 255 255 255
-2.56316941899085 1.0958979032112224 17.426914129060567 255 255 255
-3.8902160970050272 1.1611552057441679 16.037258231776253 255 255 255
-0.6967474067876689 1.1139161361476286 17.7493978729037 255 255 255
2.8833163931393315 -0.23896195824107333 17.85442261777135 255 255 255
2.8365770151970686 4.5258586972709836 24.67372354335247 255 255 255
-2.571330233561312 0.2170796499812662 17.427945734388008 255 255 255
-3.94877014316349 -1.0846044446562302 16.455329057888925 255 255 255
1.1171923162654187 0.9258246717703742 18.004938487182624 255 255 255
-4.202538707051794 -1.2248494432385608 15.502829561365136 255 255 255
-4.263844095886822 0.3165795504206635 15.699429970014322 255 255 255
3.220024493945989 2.9611903537686617 17.726272343368866 255 255 255
-0.7595124363415139 -1.8680947889949042 18.117662359800185 255 255 255
-2.5953447830527177 0.11534573379922587 17.256270834229802 255 255 255
2.524702064436262 2.08053572919616 18.936254253733765 255 255 255
2.927640508028423 -0.36905668303414685 17.817879360568217 255 255 255
-2.6852731832531953 1.4707584113603491 16.91157055243156 255 255 255
0.6589566568424641 2.4918696227264028 17.94769715828213 255 255 255
3.3042625527391536 1.833604716848445 17.59791500274668 255 255 255
3.738091488810902 0.1610927882331194 16.523746393777273 255 255 255
3.870540461580387 1.179223513271883 16.89806166231843 255 255 255
-3.451632624092549 0.5785487591859635 17.036082783583634 255 255 255
-4.85225935808797 0.7388693909169235 16.645845821141698 255 255 255
-1.6510051397632255 -1.0529538407944496 17.51199512615336 255 255 255
2.847244031430413 0.29900603921080593 17.712032982713648 255 255 255
2.5198472853078027 0.10376681231980488 19.103472277596232 255 255 255
1.2590080460450581 1.0341838445648281 18.22520072563388 255 255 255
3.3443826015944156 0.10131408454232335 17.44223854045681 255 255 255
-5.175617629246422 0.12975230985398958 17.002365984023175 255 255 255
-2.687598248231992 1.244431334857705 17.18180738045656 255 255 255
2.555042176691583 0.41555884317991476 18.382186712057795 255 255 255
4.040920188533249 -1.773502750764569 16.85324465296749 255 255 255
0.9580579064313752 -1.6983511969899594 17.975979203404222 255 255 255
-1.794110807896262 -1.0487357936683368 17.301418034410286 255 255 255
-3.5642296906736286 1.3618002496843986 16.854781532894656 255 255 255
3.2356684537498994 3.048116882030619 17.600126203513984 255 255 255
-1.7934326144256132 3.3821680338311575 16.922658526726092 255 255 255
3.5151996097747995 -1.3214735774040423 18.064535733873694 255 255 255
2.7775966069080464 -1.0816730884060446 17.659622767719764 255 255 255
3.251907735983217 3.6832642449890387 19.092127795594873 255 255 255
-3.5153805754468226 1.256825769937886 16.909959056359433 255 255 255
-4.648910533230303 -0.527872886273017 16.279735424007203 255 255 255
-1.5170074773558289 -1.1916900109795865 17.71008931391399 255 255 255
-3.7712525708013964 -0.7648422172564291 16.674063961447033 255 255 255
-2.8640310118649404 -1.8982035533027912 17.314927117361346 255 255 255
-4.77996271267709 -0.5294526501317491 16.556737847695835 255 255 255
3.390230829469289 3.0206610304080512 16.952182344249923 255 255 255
0.9888716330363546 0.2625583989187563 18.40772961246853 255 255 255
0.17729582009806466 -0.7323821035199 18.232460256651216 255 255 255
-3.7795232847337705 0.06457801301398139 16.74513463103404 255 255 255
-1.8490577307639269 1.0016380109265843 17.22875344218572 255 255 255
3.7269614989800743 0.04740635805507605 16.484352881966878 255 255 255
3.187251687236831 1.2899782125591017 18.10336080813138 255 255 255
3.8155458309435777 0.7592559579426846 16.57001855157182 255 255 255
3.1824698606483874 -0.474634361336868 17.328315690731227 255 255 255
-2.9679148935613777 -1.5743450955614995 16.896430879605735 255 255 255
3.2295207920185156 3.5393425256721875 17.850778999573855 255 255 255
0.7262046181608524 -1.264526976481826 17.75006777100438 255 255 255
3.7365159919692212 -1.8447744813880291 16.123553784255357 255 255 255
-3.8032318990900964 1.3088000519484317 15.857922331730203 255 255 255
2.7377913699950542 2.893155734047194 17.97439182274666 255 255 255
2.9517713053716403 2.185976681383185 18.143850428495472 255 255 255
-1.8009271525009762 -1.9755977788548553 17.75239757448804 255 255 255
-5.372163837721944 -0.23650430918443308 17.399187224716798 255 255 255
-3.090663957750347 1.4742961178662315 16.990024238300688 255 255 255
2.132972711864225 -1.3425028499405498 17.880899042978417 255 255 255
3.1688265418805357 3.5815576635562967 17.99175518260148 255 255 255
-1.7859960423558345 -1.1206841859693486 17.21563026580233 255 255 255
3.497544262712367 0.5224206753914076 17.002182481593906 255 255 255
3.1724088009253646 -0.2402028231400618 17.406793118866435 255 255 255
-2.751873224860036 1.5255745521977393 16.855004939202697 255 255 255
-3.824985585661946 0.00887618788265758 16.58285874529337 255 255 255
2.987361299004678 0.42360524962127355 17.538060455110056 255 255 255
-3.212577573688113 0.10386755298377325 16.972313499884933 255 255 255
-2.323306190013586 -0.9911455646067359 17.249067197546886 255 255 255
2.462951311027225 -1.3352622746190832 17.911498005624516 255 255 255
3.8523681171397453 1.4264117016214215 16.678471429833408 255 255 255
-1.9232879419146605 3.1602843535666456 16.93682414363239 255 255 255
1.321454580772358 2.747288708364222 17.624266687862754 255 255 255
-3.423302536688644 -0.5194762657176104 17.159422496561035 255 255 255
-3.02129377146855 -0.4273807683258324 17.151751995067666 255 255 255
-3.938041534786526 -0.20622659366136062 15.499465694680506 255 255 255
2.6813059349054145 0.5281990262623294 17.95387869639204 255 255 255
2.8188026288839985 2.3402107904869136 18.087458399087552 255 255 255
-2.1563488402118307 1.1627237087638713 17.389742050590968 255 255 255
1.0278214641918484 3.3393861776934237 18.045813579193442 255 255 255
4.006791320323927 -0.7515482152455043 17.069746005729076 255 255 255
2.8117700807940293 1.906164899948643 18.036953808657046 255 255 255
-3.164796003474763 -2.6110524894409823 17.10569333184087 255 255 255
3.9959543673533022 -1.4681177872011195 17.23845811822744 255 255 255
-3.072329295578322 1.7536460595552192 16.655056039339385 255 255 255
-4.750147217428172 0.9096397288687308 17.295541507379404 255 255 255
1.0453276393633946 3.306363913517169 17.654044520568196 255 255 255
-3.9267470531588833 -2.399012678580463 16.064914891038132 255 255 255
-2.2196325143390614 -1.8617754855085769 17.190438531474936 255 255 255
-2.58931980270301 0.41548050231389677 17.19053295791564 255 255 255
1.4687755727268803 0.8406409776655676 17.807764452185356 255 255 255
3.385253925628133 3.7289344751325877 17.48047443001031 255 255 255
-3.5379895562467643 1.032433875537382 16.898984224675093 255 255 255
1.234177234093367 2.730351398024483 18.242012979879338 255 255 255
-2.2459066801403766 0.3326018593362927 17.398304100229936 255 255 255
-3.443158021937647 1.7841055176043885 17.103912429162804 255 255 255
1.5336700840932649 0.414533416163882 18.13523790488999 255 255 255
-4.557657827428355 -1.541802681708144 16.34394520954216 255 255 255
-1.1329825732437981 -1.2896573375576261 17.423611519305886 255 255 255
-4.380643056751526 -2.029795868740763 15.824218049174373 255 255 255
-1.4401594940195348 -1.7221954483790012 17.721926405694195 255 255 255
-0.9132652671912893 -1.0462649976173424 17.997839892234403 255 255 255
2.7343486384329045 1.5180364081717723 17.99699867415431 255 255 255
-4.6529691492749565 -0.8386964959712804 16.286023912942653 255 255 255
-3.9848971149309658 -1.4003227619136884 15.288286398413215 255 255 255
2.92014612955379 -0.8492455776302668 17.711057357540046 255 255 255
3.5541084277182673 3.4468795289987795 17.020372228025913 255 255 255
0.7803873951218079 0.6857005241900567 17.946248523926233 255 255 255
-3.7339381764702115 2.025420721129521 17.241617988629045 255 255 255
3.867542968280849 -0.3898935772408646 16.426007088405676 255 255 255
-3.5312773746563897 0.03417597685954796 17.152408009000908 255 255 255
-3.711451104303418 -0.6977161960583576 16.76624997504046 255 255 255
-1.8428947626204475 2.1802309425633153 16.693073584039933 255 255 255
3.135478156333559 1.9392887731366815 17.57082941508074 255 255 255
3.803033951620135 2.011819302056282 16.671040502091635 255 255 255
3.109550439058949 2.3373388009695404 17.427172249295285 255 255 255
2.8687092143084874 -1.156594359136342 17.759971090684658 255 255 255
-5.337882613865458 -1.1179699016503781 17.231994245551874 255 255 255
2.5311572499796897 0.4478350841317648 18.53831834102222 255 255 255
3.39406951988254 3.538102090454061 17.787044171568724 255 255 255
0.054302350669669486 0.9698761033580411 17.768285639824597 255 255 255
3.2881821999678658 1.3048665775830097 17.49928389643969 255 255 255
3.6861511105385936 3.406531627623763 17.252976007744557 255 255 255
-2.5919308868693567 -0.8092646643378983 17.480608422413205 255 255 255
1.012872706546095 0.8844938574128166 17.951739329635434 255 255 255
-3.766291465847033 -1.9980315505521986 16.684780005162526 255 255 255
3.6709027695594565 -2.0985601860421323 16.25382547373296 255 255 255
0.8227945677452818 -1.0403378682164879 18.107301881481565 255 255 255
3.1123954007538295 1.3437800432778624 17.511320373903107 255 255 255
-1.7879728750818582 -1.6123192260579327 17.21736119589435 255 255 255
2.778180267051565 0.03730456145104332 18.017820543417375 255 255 255
-3.5548845655418475 -1.5192733112168417 16.777442689081756 255 255 255
1.0905281190193055 -1.461999142999413 17.742488487908624 255 255 255
0.9074586408749822 -1.2594152269118104 17.913948652977815 255 255 255
-1.5874193792201277 0.8324466042053398 17.301015483096823 255 255 255
2.5236125182771136 2.842346269803788 18.3302089393118 255 255 255
-2.877106232364476 -1.2509785705998235 17.09109131387031 255 255 255
0.20569338054730785 0.5877687070455843 17.813079520823536 255 255 255
-2.6720406992468395 0.8147474717203663 17.303764096970145 255 255 255
3.5596350031753086 1.8099247038291555 16.989788592577753 255 255 255
-5.969798239262765 -0.9831698973148685 18.09165463862286 255 255 255
-3.0173611873916792 2.6657688494451666 17.30438042307948 255 255 255
-3.6956360884862933 -1.1847834040585024 17.026586673588316 255 255 255
-5.840142263395367 -1.5559598831842776 17.70814081728015 255 255 255
-2.8987783883948586 -0.43061275127890386 17.09468791261164 255 255 255
-5.376032467093652 -1.2387067342103317 17.239081987111668 255 255 255
3.359711570659381 3.740988271506493 18.798809299699506 255 255 255
3.337886910700702 2.424776984352006 17.433516740062366 255 255 255
2.6209921941080747 -1.2078804113555541 17.51486474340914 255 255 255
-3.192758821095979 2.0785321024480865 17.433605570530148 255 255 255
-0.4557391475484642 2.9566645945628647 17.694346899546566 255 255 255
3.1166217946913575 1.1889415391356242 17.483387804745615 255 255 255
3.4182630509821 -0.8973791256477358 16.728097443624197 255 255 255
2.815883240796817 1.3755588658431972 18.032445297462758 255 255 255
3.664950479527943 -1.44232602597127 16.236948534906883 255 255 255
-1.842342914459858 -1.1625552805866195 17.17031862927423 255 255 255
-5.408838230338895 0.24181378923416397 17.402364563233686 255 255 255
-0.12351473652125791 0.9665633812424501 17.60833521508922 255 255 255
2.0587842201696542 0.6835360911129378 18.15806791798962 255 255 255
3.7198978987632216 0.25473092132563324 17.03922728659257 255 255 255
3.159637464322727 0.32572116056655354 17.484471737858648 255 255 255
-2.801640151997262 2.3692922476955167 16.44559085816293 255 255 255
-3.8085202178223416 1.2901116795282814 15.894151903213809 255 255 255
-0.37491599969282474 -1.4855817073018798 17.62663568577786 255 255 255
-3.8110297160593536 -1.1138659928398793 16.380678058955446 255 255 255
-0.14517509143527907 0.9468693933366297 17.820671169642146 255 255 255
2.9488926272676763 1.2198187096673583 17.683137071010893 255 255 255
2.6086373959333784 2.8512434179314803 18.16951804474125 255 255 255
-3.3083300420948127 1.0200167548610868 16.91194269902212 255 255 255
2.2881920232729325 -1.050916729064929 18.394177286475728 255 255 255
3.7271204860864 2.2519395938472866 16.72912415725917 255 255 255
-3.3900614260158375 1.2825514861418716 16.89496828058867 255 255 255
-2.010956455026554 -0.8031256409313026 17.56786714286826 255 255 255
1.098805360759076 2.9999867924884125 17.252113102999342 255 255 255
3.301727553589374 1.2534680503576643 17.518412945854422 255 255 255
-2.9492648576520226 -0.5521544113879236 17.04799154609765 255 255 255
-0.2802732935477076 3.1478287580996813 17.747276034859674 255 255 255
-3.954304805332324 0.31280737596221586 15.406864710456027 255 255 255
-2.4020772318549355 0.9055156265194411 17.0708100627309 255 255 255
3.1563688755501005 -2.1922700225820195 17.739618224858305 255 255 255
2.9547732036074894 0.7757680724786671 18.00950113427706 255 255 255
-2.5919738411055944 1.4193930974504119 17.182383281423515 255 255 255
-3.5026079682433378 0.6695557147194199 16.921976977531187 255 255 255
3.4490237740344956 1.4483786617040117 17.187462877427023 255 255 255
1.9114105719974688 0.41784485550836153 18.370897435595833 255 255 255
-3.60128675219239 1.958482096563139 16.90234511786982 255 255 255
3.261867525051729 -0.8958364389275133 17.210396302390674 255 255 255
-3.4864739412173464 -0.259716752942752 14.521945298909635 255 255 255
-4.587043612052244 0.6457791138782067 16.43011217802822 255 255 255
1.3909546247367233 1.0293834607566137 18.301685518978914 255 255 255
3.676005632131292 2.6875202756465866 16.68008043824905 255 255 255
-1.025484857427408 2.58091683319683 17.197586236140427 255 255 255
-2.3497892640191047 0.06449407422596998 17.298274206012177 255 255 255
3.7668595457470087 -1.4734672951848855 16.04738727884736 255 255 255
3.64976353206344 1.6422505060146364 17.10364551259598 255 255 255
1.2066259704605327 3.382597945584046 18.57458529437481 255 255 255
2.9169217045810023 2.86758277804115 16.94020974237449 255 255 255
-2.2310574635601985 -1.1600985827488002 17.427256234071734 255 255 255
3.2653921761759865 -2.1800689056500224 17.227786827242106 255 255 255
3.3620290384197764 -1.5255033627093668 16.56481956901107 255 255 255
-4.490689810194598 -2.4214638226700993 15.889678690141336 255 255 255
-2.5984872293540757 2.1469759791578595 16.739093907170123 255 255 255
-1.4797165895421858 0.4700789692798497 17.64631554901736 255 255 255
2.988030551364417 -0.6796183423539003 17.96151852976926 255 255 255
-2.630070490926357 1.4015872911745828 16.85417607232019 255 255 255
-1.3339373895441926 0.9605266205958249 17.490797364826314 255 255 255
-2.7073640803890013 -0.5032747159055838 17.227124237439668 255 255 255
-2.4701462185706187 1.8434973911091226 17.232373843078555 255 255 255
3.6818693966665457 -2.2411020987738555 16.310659278929922 255 255 255
0.6109232429591321 1.2757983532089212 17.711166368035645 255 255 255
-1.482551974256648 -0.9874934858953155 17.9914573291671 255 255 255
-5.2173487884348875 0.08731986945839329 17.000517212725953 255 255 255
2.276351232177181 1.1301811283555478 18.600899652110122 255 255 255
2.3535691179920657 3.492304514229364 18.050195355539024 255 255 255
3.1359003565462507 -1.5781149981882852 17.373963480072675 255 255 255
-2.8220929111908255 0.8466779782904754 16.956751321224356 255 255 255
-3.7810721749067127 -1.4496796004106673 16.981585833637453 255 255 255
-0.08920819181572205 2.8331605557197985 17.778715203036086 255 255 255
2.993458387224495 2.354853916914441 17.279994316788045 255 255 255
3.6289229861095014 -1.6412133665283675 16.59521145298128 255 255 255
3.049851887566202 -1.7384033778907675 17.522834240253047 255 255 255
2.6421642453988468 -0.7294174829453701 17.699606889678186 255 255 255
0.764329019421974 2.7435101820430887 18.029694717637465 255 255 255
3.824313202708499 -0.05950822151473979 16.62921181075021 255 255 255
-3.718197119590832 0.8132035140975594 16.207765192113186 255 255 255
-5.647109672794763 -1.3137911456160944 17.615908334400654 255 255 255
-1.8467308307079027 -1.0501694259795524 17.137288948988225 255 255 255
3.045056127257917 1.8724232893783666 17.753266916838566 255 255 255
-1.6528955010811004 2.8307511209464686 16.546190152152814 255 255 255
3.2490164487194626 -1.5640625995340733 17.022305990922536 255 255 255
2.5211100627932708 1.1316498612795478 18.70641486802603 255 255 255
3.821329864050246 -0.33747714094381026 16.447079126076314 255 255 255
-2.628478491041509 -1.5065829504020574 17.00862065612963 255 255 255
2.550141647898533 0.26733221734959434 18.62166369501648 255 255 255
3.616323621623511 -1.4420833938417226 16.551955729210505 255 255 255
-1.9060574404752952 3.190063639764863 16.54494129303787 255 255 255
0.05585651785213795 -1.732774753728097 17.931279358797067 255 255 255
-2.649249629361411 -0.4332956859552198 17.24962098058882 255 255 255
-3.7190596921330417 -0.12780470251254733 16.780999811247746 255 255 255
-1.9302962002830508 0.9268260654788205 17.04012605061785 255 255 255
3.1237652095635173 -0.13428637499437338 17.50546156805786 255 255 255
-6.231256150739481 -1.056190865665126 18.759924159510398 255 255 255
-2.9036308603688648 1.4477087377917102 16.839133564557415 255 255 255
-3.6893073530231106 -0.556948564104159 16.967088928925463 255 255 255
3.976429094516659 1.3127031934433213 16.336281757993188 255 255 255
-0.08674982012996652 2.7812642501355533 17.227735028400662 255 255 255
3.2704572302215116 3.289091645901074 17.463111862950996 255 255 255
-2.813422452689451 1.1589885141195186 17.00916292646117 255 255 255
-3.8726973351984353 -1.0235009913210698 16.270812196086904 255 255 255
-0.5447618595742971 3.0607010224330575 17.726316890829 255 255 255
-3.811897666127025 -2.07232236179762 16.058954521649042 255 255 255
2.6954793454977852 2.0520347504710763 17.8992041213751 255 255 255
-1.9114699942970959 0.11739900851007633 17.404396541301775 255 255 255
3.168901236943372 3.3440856397994456 16.97466965295889 255 255 255
-5.53419802337783 -2.1450200993896784 17.346118610330816 255 255 255
-3.3522769168048425 1.500923998665786 16.495792508802865 255 255 255
3.40549613604578 1.64393338717633 17.316985016108678 255 255 255
-1.2272718343586029 3.183852650914755 17.76808586674386 255 255 255
2.26615301500222 -1.3206459685322836 18.397376531027447 255 255 255
-2.373032818069567 0.5735306295896216 17.356375398842776 255 255 255
-2.1495513807443647 0.9206821534755596 17.380297489931717 255 255 255
2.334601202207962 -1.4317804700085612 18.65925126754364 255 255 255
3.673510575852396 2.667939969403858 16.951312092758748 255 255 255
1.6460109847309488 0.4647800042618079 18.207856394933213 255 255 255
2.9895405661404477 3.5440202558832943 17.86777914086059 255 255 255
2.048771961956816 2.6527106216229757 18.393393107375868 255 255 255
3.4148234290666033 3.4137719858268465 17.347479605792923 255 255 255
-3.4800568118514716 0.10469079262122494 17.070591766548233 255 255 255
-0.6120456531041236 2.789043671752865 17.025951836230732 255 255 255
3.5724082223962563 -0.6183773116132107 17.022449724124957 255 255 255
-0.9721356058362305 0.4959809717701698 17.71730994009251 255 255 255
-3.864966659994438 -1.2327636579639902 16.11130983797629 255 255 255
-4.002576380670727 -1.0577339654117204 15.424027256257833 255 255 255
-2.3740716614412394 -0.974383624339386 17.24139602860725 255 255 255
2.38618234887816 2.795023091323614 17.481442812996836 255 255 255
-3.6427072111712486 1.9813560818298823 17.32589617023174 255 255 255
-3.94877014316349 -1.0846044446562302 16.455329057888925 255 255 255
-2.2726038105179485 -1.2177304576485573 17.329977244852873 255 255 255
1.6729407355973827 0.36532349029997907 18.29784277866148 255 255 255
-3.6815636470906288 2.0149522342201402 17.44981905090052 255 255 255
1.0705679261352543 1.2813515537277578 17.770193402579636 255 255 255
3.2940794155578415 2.0389375690052898 17.573645720930436 255 255 255
-4.404530055356077 0.7801739673310124 16.07798149870613 255 255 255
-4.526753970688395 -2.7363476827878066 16.150039187343207 255 255 255
-1.0893884704183159 2.907689411703329 17.542595734342363 255 255 255
2.622059256559067 2.914408280437981 18.069871053657693 255 255 255
2.6086373959333784 2.8512434179314803 18.16951804474125 255 255 255
0.6743379019208716 2.4957237154793463 18.219424223115258 255 255 255
3.7253490876104256 -0.9183815035100884 16.305927419137817 255 255 255
2.4951759108593348 3.0840687971057976 17.69280109079038 255 255 255
1.4880279369759406 -1.0459131867282039 18.090680082705155 255 255 255
-3.680794241686854 -0.5530392477143707 16.92503565635192 255 255 255
2.877822579137631 0.42964589766494105 17.752916257849908 255 255 255
-5.142175671465799 -1.3281061147209703 16.816778466859 255 255 255
-1.5503176041168507 0.6141336489366263 17.359116931031952 255 255 255
2.5674306955375585 1.4360829977944147 18.133222460017816 255 255 255
1.3346317278051267 -0.7894784831191256 18.84186678110387 255 255 255
2.539264494350152 1.8353214827857935 18.46564185698368 255 255 255
-1.3840115503733479 0.7673362860798894 17.561432175859842 255 255 255
-2.576136444770627 -0.08938139339838502 17.377294359850044 255 255 255
1.3688602160991705 -1.0914546402252514 18.759630678012208 255 255 255
3.6710508561548276 3.55563374944892 18.03141081524514 255 255 255
1.2136563544996808 -1.045782226628396 18.086935836171705 255 255 255
-5.303444963039388 -1.5548327263258344 17.20488461700465 255 255 255
-1.598482173657032 -0.9380539721356759 17.693608627400277 255 255 255
-1.8275404602667802 -0.8780645135924099 17.841186426528047 255 255 255
-3.4891733089956976 0.8845343651792508 16.747980794511918 255 255 255
-5.381544134774254 0.3512621226449516 17.349165470391462 255 255 255
2.096296964888056 2.5817244504115653 17.58269808931977 255 255 255
-3.7697233534315306 1.7765464637060422 16.58304750767566 255 255 255
-4.77996271267709 -0.5294526501317491 16.556737847695835 255 255 255
3.4370494289957083 2.0011041250508788 16.866922236268994 255 255 255
2.347963019565686 3.585163422482337 18.372803153525034 255 255 255
-2.6948171727616823 0.7120493249214932 17.22898571354836 255 255 255
-3.785081889432731 -0.04592807144380236 16.80160786050399 255 255 255
-0.0032373260642928037 1.2173116025801707 18.01716785927164 255 255 255
3.5947852642836113 -2.2017970250367456 16.50089738135205 255 255 255
0.8488851523213942 0.8082754505339129 17.80305251697745 255 255 255
3.480391702909226 3.321081437617456 16.699966841911923 255 255 255
-6.061092011174456 -0.8899449932003606 18.63276056802255 255 255 255
2.9456300587821516 -1.025480710003791 17.121915888746756 255 255 255
2.094772808751195 -1.4574352711137737 17.967141437565097 255 255 255
-1.6835438766850437 0.437673772492708 17.440239386783478 255 255 255
-6.182827312402322 -1.2741836483919688 17.852013741769643 255 255 255
-3.108260306526284 0.9275621937459363 17.260883787224607 255 255 255
0.4855328890444732 -0.8074949588706747 18.406511991638386 255 255 255
3.877667113655232 0.3060520446134101 17.203769736895943 255 255 255
-0.2532766331396197 -1.2997544149497162 17.656286631998793 255 255 255
2.3112010367226015 2.4212860509138125 18.32751649945686 255 255 255
-4.080511002982155 1.3627141787733505 16.988158518614952 255 255 255
-0.0934538664907539 2.6287884734337066 17.90354976726142 255 255 255
2.7237249810933952 -1.358039478558244 17.616476459527796 255 255 255
3.053932158417718 -0.13798105158078575 17.428995608399564 255 255 255
2.6612816364577796 3.6538563451325574 18.805926308223718 255 255 255
-2.955456674997018 -1.1073875076989819 17.183220220623927 255 255 255
-3.089010959961007 -0.5901104348974296 17.093730532930635 255 255 255
-0.06231359082811749 1.090444254086482 17.52487831074339 255 255 255
-3.141263093394243 -0.5345037499053532 17.078040554051764 255 255 255
3.1322554657381003 3.2543864517143857 17.48734034045387 255 255 255
-2.743945399397435 1.4196965776343953 16.80133900424248 255 255 255
3.660819581327514 -0.8255694827695756 16.661896749344226 255 255 255
-4.06271762916605 1.5264134496280546 16.952874193202906 255 255 255
-2.1587030744708913 0.7514031193331536 17.337904831277825 255 255 255
3.9272040824091867 -2.033404412820689 16.130573488672905 255 255 255
2.921058714543614 1.7029571202724896 17.85245847626619 255 255 255
-2.3950822761015655 -0.1546613996388414 17.430304993260965 255 255 255
3.9721626659728186 -0.13560826630588557 16.97631224126059 255 255 255
3.9422393545712264 -1.5047589059252133 16.21566119355466 255 255 255
3.1910720879223837 2.2319521207132906 17.429394459119194 255 255 255
-3.533103608247908 -0.9210359109923257 17.184594553160366 255 255 255
2.6619594198303194 0.524996994352138 17.844323667844545 255 255 255
3.0492784013662524 -1.9692064307091934 17.48334750145751 255 255 255
3.8529803490718573 1.2136478501754846 16.707521063887164 255 255 255
-3.479867277010773 -2.012785921121642 17.06207437953861 255 255 255
-0.5142154230768107 -0.9000914206485954 17.976448913839043 255 255 255
1.5497231983287585 2.274798021197462 19.181808752566095 255 255 255
-3.081413260037436 -1.6709233385849063 16.902960561723887 255 255 255
3.3270263650005547 -1.5170254942727146 17.103371407750277 255 255 255
3.483417617230622 -0.3207568730219325 16.99333755525517 255 255 255
-2.4491776245931223 2.532955925597293 16.52364402356462 255 255 255
-2.5732651745784985 2.1756201049078494 17.25813114425535 255 255 255
3.034385918363319 -1.5297583962074623 17.457641557038468 255 255 255
-3.499097552280792 1.0402044524944882 16.674894462888957 255 255 255
-3.8944488826079233 -1.7577679190537305 16.10543043442057 255 255 255
-2.225471017845219 0.6871272617528129 17.31723621997568 255 255 255
-3.2612244003258537 -0.222051466144104 17.220338010172096 255 255 255
3.497911863510773 -0.27428356254949066 17.272955593619407 255 255 255
-4.625676382536697 0.7834373800096023 16.561377793376337 255 255 255
-1.7033172417733269 1.2794303467063586 17.538903935988728 255 255 255
-4.6529691492749565 -0.8386964959712804 16.286023912942653 255 255 255
2.711098613778157 1.5310024652616387 17.793217339007033 255 255 255
3.447437060463295 0.6841524708086534 17.130715222741205 255 255 255
2.682283527784313 0.8962092265222507 17.9582201456948 255 255 255
1.4464506117312759 -1.257908583773966 17.956385540929684 255 255 255
3.629068181812299 3.2054236295135037 16.829024789261464 255 255 255
-3.5098481255101643 -1.3299039336345304 17.04224741441577 255 255 255
-3.6772328529258362 1.4221850627585346 16.50403810718116 255 255 255
3.3023013808624224 -2.100224857706786 17.127654620103623 255 255 255
3.135478156333559 1.9392887731366815 17.57082941508074 255 255 255
1.3045532883737243 -1.2575681434064518 17.81723673980417 255 255 255
-1.5292184306322572 -1.389657966689261 20.508584464778266 255 255 255
1.271191412629944 -1.2152033802896511 18.050039471469407 255 255 255
2.473634082485427 2.768470442441607 18.389828100322323 255 255 255
3.4858040607071987 3.692640033989203 18.724306432310875 255 255 255
0.05993156627164735 0.9632821905253497 17.906226684681503 255 255 255
-1.4569741128402784 0.3337547087539517 17.883707898261424 255 255 255
2.503128807168662 3.3868396902442153 18.66296987937022 255 255 255
3.2473975400154855 3.476095104641797 17.37378983354322 255 255 255
-3.642543232443909 0.8425009721337127 16.551265188048028 255 255 255
-3.5947305214892133 -1.5337922030700932 16.937823570730956 255 255 255
1.1506284989443814 -1.9007291307450334 18.244476106582155 255 255 255
3.3699800099956216 -1.4125108980646461 17.582073771317717 255 255 255
-5.509830785379372 -0.2698997883278952 17.871152626230952 255 255 255
-1.8758764504803531 -2.0837592821137534 18.133370022249856 255 255 255
2.5770893514362587 0.37187985963521 17.663229458575415 255 255 255
-4.7230666143620885 -1.3485434426180483 16.413230494284228 255 255 255
2.529111682682298 2.964464391900821 18.350039232689376 255 255 255
2.0757025542964618 2.4199083381882276 17.79593097721786 255 255 255
-3.7521989254217534 -1.3849244979130646 16.591960927475274 255 255 255
-2.8261189376899463 -1.3540523392260817 16.962382862698703 255 255 255
3.5580392575086077 -1.7338053798741249 16.618714955035397 255 255 255
3.0077916193061487 -0.6234996870247952 18.02548871497082 255 255 255
-3.6583535861472387 0.5381745781845312 16.919271355868304 255 255 255
3.2812423083937667 -1.0641088869810944 17.220908391897495 255 255 255
-1.794110807896262 -1.0487357936683368 17.301418034410286 255 255 255
-5.795958303870273 -1.4528132196577197 17.60504690793204 255 255 255
1.9276703918794802 -1.471983003450132 17.840735546495374 255 255 255
3.1044379382315173 0.15692978453217948 17.37160016355084 255 255 255
2.3181781255736404 2.8584232612879914 18.312840912867276 255 255 255
-2.745315998492175 2.2729921700521327 16.85360175168092 255 255 255
3.1605668454063798 3.7530213043309506 17.63860975171587 255 255 255
-0.492229702375554 2.81142979623766 17.58138707207445 255 255 255
2.538367875124444 -1.0110950108633907 18.62192796859476 255 255 255
-3.6727255655854556 0.0372371943495344 16.607122813071623 255 255 255
2.7253528539420815 -1.0585295928365768 17.880939525598528 255 255 255
2.924093397842878 1.372532553221434 17.991065949975955 255 255 255
0.2444436974600762 -1.2126222289417092 21.202181773970747 255 255 255
-1.91217729954365 1.2205209932911867 16.953781482434948 255 255 255
-5.329110049816672 -1.4980315802261526 17.132159893856496 255 255 255
-3.141263093394243 -0.5345037499053532 17.078040554051764 255 255 255
0.08307662875258671 -0.8523333992347938 18.045646650975957 255 255 255
-2.857845866940771 -0.39221957290295806 17.18767189628007 255 255 255
2.2837238878324695 -1.0527450219435188 18.2757511816982 255 255 255
-0.3774437850271036 -1.5156552956524951 17.839301224482057 255 255 255
-2.7870360993448013 -1.4185654626520392 17.35794585892662 255 255 255
-0.039447929781556944 0.4858032385578591 17.925007418062055 255 255 255
-3.8712245579328513 -2.2513189889400267 16.043525314575817 255 255 255
-2.0440930501428425 -0.8786836719799677 17.06856564313485 255 255 255
3.037910429503152 -0.9298159463341183 17.541785987892258 255 255 255
-2.3950822761015655 -0.1546613996388414 17.430304993260965 255 255 255
-1.9829202246471613 -1.8324661444158685 17.232543651734353 255 255 255
-3.246590225701792 2.0267666231922608 16.467373032343644 255 255 255
1.6454714413496216 -1.0040971601724837 17.878214496555447 255 255 255
3.1310353091146017 3.439614413103822 17.596729466213976 255 255 255
-1.3661976920923171 3.079177985198945 16.847912398076815 255 255 255
2.689983590393461 -0.9490549965917643 17.63747884021843 255 255 255
3.56061858152929 -1.2517729247701643 16.82514517798324 255 255 255
3.830308659712182 3.049085786430873 17.04953892810185 255 255 255
3.4554322914204088 1.3813582761901526 17.122969030458762 255 255 255
2.9127594155918533 3.731165942476094 17.62059550787358 255 255 255
3.261867525051729 -0.8958364389275133 17.210396302390674 255 255 255
-3.200278128239579 -1.2354342479392713 17.11547592809937 255 255 255
1.5905755512454887 1.1109722004123026 18.47442318259711 255 255 255
-0.8508323836849773 1.0850014938263544 17.781096515841043 255 255 255
-2.598719897911222 2.025764910100112 17.29327075143859 255 255 255
1.0973890761008647 2.5326175596516234 17.547539908201152 255 255 255
-1.0480525641105785 2.7961133718358635 17.57377552454338 255 255 255
-2.371950136387991 0.045285819968891916 17.437686711969302 255 255 255
3.8137132514537577 -0.4377559449461055 16.37711759578606 255 255 255
1.2304311752225796 0.47816729817543924 18.143046714680874 255 255 255
-2.2269096194439624 2.355102949952646 16.717800245733113 255 255 255
3.2653921761759865 -2.1800689056500224 17.227786827242106 255 255 255
-4.849807025302606 0.9385435474799393 17.205977032740325 255 255 255
3.383028293711593 -1.6209358791304378 16.57417875250268 255 255 255
-3.3654119099019377 0.08444046553140988 17.09292753175899 255 255 255
-4.062354543253168 -0.3624365278002846 15.51666409417367 255 255 255
3.091930875954749 3.5449351884706957 17.793358384524147 255 255 255
-4.804406005139005 -1.3191842218084198 16.45759556704653 255 255 255
-4.0746154414930436 -0.4329976533843246 15.417655540577519 255 255 255
3.6945215979372774 -1.3687927694870443 16.588441770675352 255 255 255
2.5906343673934416 3.0035629186460713 18.17637764625399 255 255 255
3.053932158417718 -0.13798105158078575 17.428995608399564 255 255 255
-3.677748065412989 1.0446560389712383 16.41852544115409 255 255 255
3.1105100621692285 -0.6767056483422313 17.28721976230967 255 255 255
2.1890117209102056 2.5138722144836256 18.27747778122767 255 255 255
3.1264357803125917 1.8123993359332111 17.344380960741773 255 255 255
-2.9261753266208 2.64446107921201 17.26330648162699 255 255 255
2.4801414654846137 -1.6243730078523604 18.027590936912112 255 255 255
3.3302850146733403 3.1679621174301267 16.82844033769604 255 255 255
-0.09652540433686842 3.1994091128074253 17.413142875702714 255 255 255
3.6289229861095014 -1.6412133665283675 16.59521145298128 255 255 255
-3.72499546516274 1.5994832181529366 16.17766269985249 255 255 255
0.7344001504052879 0.4664445670117159 18.07617691839409 255 255 255
-1.8726969455847522 0.4725258382023872 17.152635280568155 255 255 255
3.005425855653071 -1.3360219200528927 17.90541398326156 255 255 255
3.052181546701594 -0.26747177201063577 17.52539526364781 255 255 255
-1.8117538106850475 0.27220839740501607 17.270860641129133 255 255 255
-4.857307070227181 -2.5043707035715395 16.531382611739254 255 255 255
-1.6912257284167276 2.98833571378505 17.001035837313157 255 255 255
2.54120982129406 2.503893268895218 18.701056890279286 255 255 255
-3.788961465845467 1.5869449045389055 16.51969195204369 255 255 255
-1.8817343554852188 1.2869283290748879 17.29209118750042 255 255 255
-1.9707284548830155 3.0368235199423284 16.51686071656489 255 255 255
-6.231256150739481 -1.056190865665126 18.759924159510398 255 255 255
2.7885391230942758 3.533294233898242 17.641925796721267 255 255 255
-1.7987615863925994 3.056670715129393 17.03922729253679 255 255 255
-2.9765364454634993 1.037675223805199 16.88373868148192 255 255 255
1.5330347491883392 3.383525379096026 17.278897508461032 255 255 255
-5.396673634712516 -0.05309387920995609 17.277450207663513 255 255 255
2.7087357906181744 -0.775068710920285 18.456605888570945 255 255 255
3.372369076821993 -0.05865816812292408 17.33711702208915 255 255 255
2.8687092143084874 -1.156594359136342 17.759971090684658 255 255 255
-3.744649046233057 0.9152192823559916 16.748684086713233 255 255 255
1.4984341826719956 0.7795902251606218 18.04872655578173 255 255 255
-1.925554236457685 1.1809767018814123 16.81985787347004 255 255 255
3.0555276363006034 -1.3431368266079236 17.088160990895336 255 255 255
-3.192699568508773 -0.6452227374711678 17.103713957159954 255 255 255
-0.02331106052482578 -0.805483039139308 18.156053377478777 255 255 255
-2.8605455211414332 0.35733532634827186 16.84971214877304 255 255 255
-3.8917388079802255 -0.4035112582239262 16.176212883355554 255 255 255
-0.4751749362297111 0.39236345731334876 17.922267103287318 255 255 255
3.170810046920584 -1.0854321945349417 17.308877535479997 255 255 255
2.9794879616437826 3.89958313432668 17.97177584404594 255 255 255
-3.5108842390147936 -0.630112775192442 18.12006764245068 255 255 255
-2.4327845829757253 0.9538859236440598 17.319991444482753 255 255 255
3.622080267416306 2.766185025053969 16.84870509440275 255 255 255
-3.4278861055956855 1.9418259103008235 16.934473143005913 255 255 255
-3.7781470222479565 0.1997644479829127 16.25385155703193 255 255 255
-3.4431161680489155 -1.5059805413147058 16.90203883863869 255 255 255
-0.1436101549624486 -1.8579329323844331 18.00729988798599 255 255 255
3.549290094898007 -1.6029315578275594 16.59804111294605 255 255 255
-3.0005770830076863 -0.7490814378058613 17.13472186784712 255 255 255
3.3940273197292736 2.1166952246900768 17.641493125230614 255 255 255
-0.3913012933832097 0.1700777789098494 18.557122590529378 255 255 255
-4.107972016575489 -2.555131396107346 15.876315120393505 255 255 255
2.527929662653655 3.404841941217614 17.393853896740964 255 255 255
-3.488686459082019 -1.71246936409228 17.027363634025566 255 255 255
3.15957750898331 0.9311267562369583 17.50760062899885 255 255 255
3.802557089038558 2.3003125018715624 16.702852483898806 255 255 255
-4.402121835306024 -2.1994100326651203 16.017624418855842 255 255 255
-1.552231260438414 -1.701085758603571 18.019101571665225 255 255 255
-4.642311551227835 0.21954848186758372 16.211024449787047 255 255 255
-2.5934166979872586 0.4150286089569544 17.203705057249135 255 255 255
2.6146391241714584 -0.5846194757729326 17.70901222467275 255 255 255
0.8289110350156087 -1.6248184545828086 17.956193718697207 255 255 255
-1.0165126885186695 -1.1028359291001895 17.920901094308576 255 255 255
-2.351013504604558 -1.5763137314310345 17.29019048832189 255 255 255
-1.2095147273469784 -1.0664918361309337 17.76815620848537 255 255 255
2.7855611264558946 3.3851072036860765 17.010040932660942 255 255 255
-1.665403803247901 1.1196993960884734 17.376857562853196 255 255 255
-2.3604062391862772 1.024156219336335 17.245694944656933 255 255 255
1.1630246181769741 2.78369072257725 18.15828970947159 255 255 255
-4.6793255560643585 -0.5122469301787417 16.388692754816667 255 255 255
-1.5947151632334873 1.1270706781957704 17.89745334757012 255 255 255
2.6813059349054145 0.5281990262623294 17.95387869639204 255 255 255
-2.6916607845789042 0.3918672775814595 17.161590638190003 255 255 255
2.5011242853019766 0.768761609992854 17.80957688889589 255 255 255
1.3688602160991705 -1.0914546402252514 18.759630678012208 255 255 255
-2.4854797036009484 0.1624427376269013 17.263316608665164 255 255 255
3.6379450399091033 0.7965854688569595 17.032480741464674 255 255 255
-3.7470554810962895 1.850854084694094 16.90198559516365 255 255 255
-5.3170377126599035 -2.3598191567025517 16.95117431667518 255 255 255
-1.8078222816404583 3.5292386172104977 16.736691773300695 255 255 255
3.8301247965140384 -2.767778013926915 17.934026994246725 255 255 255
-5.367141680850999 -0.4023794248877516 17.328661235463915 255 255 255
2.2565341321483587 -1.4951671919642358 17.893352419536754 255 255 255
3.5467229516785075 0.11302413204864485 16.873429444994795 255 255 255
2.900955177169347 3.3846264386498475 17.06165431869889 255 255 255
-3.991820140975053 -0.16120327216692437 15.002919777884287 255 255 255
2.8355580193278223 -1.3034796677440332 17.873685148787718 255 255 255
-2.670192435864013 -1.669993344801792 17.06648294550058 255 255 255
-2.8764641647910802 -0.06934097450327516 17.083112503447957 255 255 255
-3.8404964237686157 -2.3306473040407725 16.929696189129647 255 255 255
-0.15408483632431832 3.071055092951736 17.795413385216346 255 255 255
3.9810152434055635 -1.8983480148606964 17.821193233866058 255 255 255
2.892487932377412 1.8707656718898975 17.8373674289086 255 255 255
2.577699689793045 0.7179808782567446 18.276016108518384 255 255 255
3.062969588943837 1.1231818645301146 17.472417480093707 255 255 255
-2.872734739814645 1.3303206944562713 16.939605404369647 255 255 255
2.3186089683217603 2.5875397234522732 18.52938727223928 255 255 255
3.3289746541824767 2.4681808300786257 16.73067762492132 255 255 255
0.7607842119821442 -0.7262015359791216 18.392219454126945 255 255 255
-3.824985585661946 0.00887618788265758 16.58285874529337 255 255 255
-6.64253971025847 -1.3856748875025622 19.0353666223642 255 255 255
-1.9932768359287734 2.8861398146838453 16.882284568729517 255 255 255
-1.8130422286908425 2.3659699067468187 16.969349156136577 255 255 255
-4.320087343034665 1.3223059726077464 17.609807753861734 255 255 255
-2.8309257677018107 1.8885087372599254 16.99615481206517 255 255 255
3.4019542784291334 2.1729945630687246 17.100616503475692 255 255 255
0.05750919833263303 -1.0218901807486693 18.213772519014125 255 255 255
2.698342800492564 2.562314824176094 18.13048869434651 255 255 255
3.133250798870119 -0.2082354962388398 17.70439223461378 255 255 255
3.9509692922273816 0.010383532707076048 17.08258912497365 255 255 255
-1.24359667377903 0.4736630088340231 17.697132641042305 255 255 255
3.3443826015944156 0.10131408454232335 17.44223854045681 255 255 255
1.8858415889454048 2.6297943851528554 18.20898641884545 255 255 255
2.335927373780861 3.7065336703904017 17.62303705535024 255 255 255
-2.4154258035654883 1.5784423443212725 17.236351417159984 255 255 255
3.935339698270211 3.1853084456630842 17.012654408956948 255 255 255
-4.05079320099324 0.4144736361317741 17.07689223509483 255 255 255
-2.408962901740162 -1.0116506240637828 19.646657697759128 255 255 255
-2.4319098880979606 1.8291774948643023 16.94604492955718 255 255 255
-4.237721777278091 0.36004812490476007 15.969103039822125 255 255 255
2.860660196957422 3.687579516281161 17.504288328481476 255 255 255
2.84660332003345 0.6627799362238277 18.05250088663249 255 255 255
-3.5975692044277983 -0.3443031231053375 17.132283817946657 255 255 255
-3.986864663304352 -2.3604982498864566 16.45711544979498 255 255 255
2.666426687039417 2.9838032822630614 18.09097102293863 255 255 255
1.3537391681241644 -1.4615097473373682 18.272891050871934 255 255 255
-4.6479426720031105 -2.394087754599655 16.478149258383294 255 255 255
-3.584523517623584 -0.831757158370032 17.027825778318153 255 255 255
1.6726813765406134 0.4349870953466978 18.280812668143003 255 255 255
3.497911863510773 -0.27428356254949066 17.272955593619407 255 255 255
-4.625676382536697 0.7834373800096023 16.561377793376337 255 255 255
2.5311572499796897 0.4478350841317648 18.53831834102222 255 255 255
2.5747034131403503 -1.7877222888038595 17.46489056829151 255 255 255
3.7273303415063133 2.5020658983821695 16.76781107801278 255 255 255
2.9078233027389535 -1.4803920052239814 18.012433364401012 255 255 255
1.1301687147835098 2.3811604097688535 18.02623602618239 255 255 255
1.127192205526018 -1.5565000215823048 17.82689086377101 255 255 255
3.956567864027533 -2.4994347374378365 17.12050726808088 255 255 255
-1.7063760191596482 2.7257142417792495 16.904401740202466 255 255 255
3.1573491723474034 0.9382764452255243 17.5582265309433 255 255 255
-3.4891733089956976 0.8845343651792508 16.747980794511918 255 255 255
1.0496756979311772 3.8150010451069756 18.830030220267417 255 255 255
3.242685988082889 0.1874417097150163 17.360560214881374 255 255 255
-1.5986960013042104 -1.349917700720746 17.267259639810714 255 255 255
-2.687210055449111 -0.6617110254819558 17.154720755408654 255 255 255
0.6725237046977898 2.9210400866093154 17.357777960172978 255 255 255
-1.42433161698451 1.0840996223157255 17.541871856822805 255 255 255
-2.7232060483136737 -1.053594924076808 16.882964296078246 255 255 255
1.004015772619067 0.9624116444004699 17.582929306638324 255 255 255
-3.701183880382845 0.4857888563161567 16.921220022898503 255 255 255
-1.6868074561236053 -0.8408926639752073 18.51781438386875 255 255 255
0.8714089464151861 -1.4645568231141657 17.804861424315664 255 255 255
-5.419146715347292 -0.10787603586661507 17.393410171789082 255 255 255
-1.7496045713803066 2.2899183396959417 16.786173860912623 255 255 255
-5.1701461059240215 -2.145627483750301 16.78769309174015 255 255 255
-5.409251306147485 -1.8566468658596726 17.244069328321775 255 255 255
2.4500109914596186 1.4464148176754836 20.372866486854335 255 255 255
-4.843712049676982 -2.1961765844116896 16.479700105795274 255 255 255
3.8370039710954065 1.4978848201463868 16.953336907152075 255 255 255
-2.9727372151834217 2.548623935162123 17.029498569507385 255 255 255
3.685631043943891 1.3398605513420923 16.922126584963223 255 255 255
-3.659842375301473 -0.669451314038756 16.93879055790651 255 255 255
-3.783948788265156 -1.9026251575830708 16.377238533544325 255 255 255
3.571403640713431 2.3504270501442086 17.078939316160902 255 255 255
3.144266948946111 -0.1768285377093442 17.417243587773463 255 255 255
2.279974903586052 0.3465360855045736 18.43985207985671 255 255 255
3.883348185309075 -0.3210668824938687 16.885569344695806 255 255 255
-0.49357169765788894 2.8252416500764626 17.66838020621416 255 255 255
3.617438405582344 0.049849170270318065 16.889225468663696 255 255 255
3.3390238421810126 2.110051662687858 17.337368110655248 255 255 255
2.349081823876598 0.9427215220000402 18.35242206993074 255 255 255
-3.0460581410395444 1.7605748069738627 16.73863721703102 255 255 255
-2.1455998010253197 0.641231666951535 17.38852598263892 255 255 255
3.858713396219152 2.0057674869312914 16.55419166811062 255 255 255
-1.8539346769269365 0.7698089039964832 17.129109933466115 255 255 255
1.6146102831654092 1.8237223742442852 18.264922798669502 255 255 255
-3.2523198749100604 1.8229962252280643 17.342474699349935 255 255 255
3.1682425306082127 3.200638948799816 17.680335295716187 255 255 255
-3.8422876399829584 -1.5561704920880097 16.12339850259104 255 255 255
-2.7232060483136737 -1.053594924076808 16.882964296078246 255 255 255
-0.03605563952611927 0.4854354484598277 17.905454698103743 255 255 255
2.9393620103057465 0.17569217225133862 18.004029435297472 255 255 255
3.960538296075241 1.7474580882646766 16.724822922673674 255 255 255
3.1933906626378668 2.5817662604020115 17.621391388989675 255 255 255
-3.020806221085212 1.1927072826465872 16.935597779494564 255 255 255
-1.385579388008412 2.681777034765005 17.54506072174593 255 255 255
2.7343486384329045 1.5180364081717723 17.99699867415431 255 255 255
3.933123218991681 2.1137207715182895 16.732788585071898 255 255 255
-1.0357623137567586 2.6807140411140433 17.114622929580847 255 255 255
-4.1066263125613665 -0.739495865189779 15.392674962076631 255 255 255
-3.151532994949833 -0.31133328958156 17.249794063311498 255 255 255
2.7656786285495 -0.22493101124464782 17.81699505583004 255 255 255
-2.6184111947529862 -0.6611145607676342 17.280498524902594 255 255 255
-3.579146549372269 0.0004917853050511357 17.035382073116992 255 255 255
-3.9292605343678235 -1.9676676556667043 15.673280047774128 255 255 255
1.1480693057050384 -0.7093994085273713 18.225570609650127 255 255 255
-3.5806454530283642 1.2335928251259087 16.790971036002603 255 255 255
-3.3386983797671834 -0.9329595314440885 17.039448240044276 255 255 255
-4.821821545662132 -2.4480288296671255 16.671102118546436 255 255 255
-2.6369424070216225 -0.5844869005227233 17.203827422196234 255 255 255
2.4403099006897695 0.5709965744695413 18.226312524099775 255 255 255
0.5661070568936256 0.4669711541658667 18.00069225971112 255 255 255
3.7553811199062896 -2.4257722940754323 16.615937212826626 255 255 255
-3.6535380585444073 1.7642910378720715 16.224940497713533 255 255 255
-1.7346596510392798 2.9426942002404033 16.747170779009085 255 255 255
3.128087279334657 -1.0905417437554055 17.60846820479637 255 255 255
3.1162046899829727 2.1273125883359727 17.44059142545713 255 255 255
-2.715563741596814 1.0580033572495788 16.98729074645242 255 255 255
2.4801414654846137 -1.6243730078523604 18.027590936912112 255 255 255
-2.5796779210935923 2.6969783814003607 16.475387385394342 255 255 255
2.4560595111369166 3.193241765698525 18.43675478117849 255 255 255
-3.752427637622457 -1.8763922823247334 16.983698931693016 255 255 255
0.7156666489982536 2.558421299026869 18.186295757212143 255 255 255
-1.8370706464303375 3.2608053134015575 16.668172621833055 255 255 255
2.9938115028707304 1.6376284801359249 18.06997335222358 255 255 255
-1.8147951947121814 0.3683190878346309 17.312695810299406 255 255 255
-4.8611153282624215 -1.285728261542605 16.64590797282644 255 255 255
2.4557966295083893 -1.1151824837354152 18.01990395333526 255 255 255
-2.9096445958238695 -1.6781769300877125 16.934745829630945 255 255 255
4.16279382295058 -5.40519340874732 18.5787534725204 255 255 255
4.278423209973117 -2.578233076933287 17.48770918776629 255 255 255
-3.823239328474657 1.645801591016563 16.55072950147682 255 255 255
-3.721097952581905 0.38998363454037765 16.15364288404691 255 255 255
3.8763438750103516 -0.5385265651126394 16.988962999336277 255 255 255
-3.680794241686854 -0.5530392477143707 16.92503565635192 255 255 255
-2.8449344582702154 -0.28594528561367843 17.242279065740703 255 255 255
-3.1581713565784573 1.0974329682648205 17.02335080446497 255 255 255
3.6379450399091033 0.7965854688569595 17.032480741464674 255 255 255
-0.4030095786994136 -1.768522278002471 18.165814100965054 255 255 255
-3.730774712293999 1.2176722303558711 16.69303429251198 255 255 255
3.9255382444730946 3.6708739841140705 18.69120386344382 255 255 255
-3.192699568508773 -0.6452227374711678 17.103713957159954 255 255 255
3.556092361447241 3.3514661901416742 17.409255335327057 255 255 255
-3.295877696549071 -0.05809341991719262 17.232911143351874 255 255 255
-3.867066648548693 0.21323752600729345 16.075684073007945 255 255 255
-2.8449344582702154 -0.28594528561367843 17.242279065740703 255 255 255
-2.2067351533116124 0.7980603515261855 17.216859022959394 255 255 255
3.865568934087671 2.99886019551214 16.80165949691795 255 255 255
2.269722807498594 2.382498847907066 20.001535602267218 255 255 255
-4.412519394483192 1.0163542290906897 16.92821541293792 255 255 255
3.352132467339474 3.6337147013771154 18.65732416527035 255 255 255
-0.37530629993775805 -1.0604538722314096 17.91555855355618 255 255 255
2.907992655676459 0.8509213984332328 17.998364549427034 255 255 255
1.1061896524054864 0.15313134081298538 18.61536272705409 255 255 255
3.8199695293612432 2.1958347380810386 16.7210093373777 255 255 255
1.3792924033418383 0.3064994799776651 18.526942789243044 255 255 255
-1.552231260438414 -1.701085758603571 18.019101571665225 255 255 255
1.550700697935345 0.41138383765069764 18.29782697947012 255 255 255
-2.5528285637468997 0.31173159538455486 17.341362197113952 255 255 255
0.9173406601940477 3.3077330802673233 17.537385334063107 255 255 255
2.6400558945953336 0.7727596839602547 18.016888685440396 255 255 255
-1.0158209413131372 -1.1182066879824941 17.975451917874054 255 255 255
-2.394614409557823 -1.3958436497244695 17.45945524278664 255 255 255
3.9881356527336624 -2.582978193408102 17.230900532406054 255 255 255
1.5283326858366875 -0.7075494995551358 18.173894071471853 255 255 255
3.427947845508373 3.0409868464546883 17.12290231699249 255 255 255
1.4192306952469635 0.6156830616173501 18.118752165249656 255 255 255
-1.5454914553413226 -1.6842229230570211 17.945932386854846 255 255 255
3.522435569000919 -0.564482800312809 17.436294589427263 255 255 255
-1.229092544919924 3.023185505441009 17.571693032850494 255 255 255
-2.566738806207869 -1.5707723657842776 16.998719788466218 255 255 255
-4.997922145046953 -1.3470133174665857 16.675651715026092 255 255 255
2.8539412437360197 3.620606060916245 18.173807884448916 255 255 255
3.1277675953123985 -1.848238302286021 17.519795408223015 255 255 255
3.821743005639902 -2.7697845347178855 17.8898559574863 255 255 255
3.076398508100864 0.5257467985415849 17.393297257567063 255 255 255
3.448406160260931 3.7947199209633675 17.88791758957781 255 255 255
3.248764512536358 0.2236028891593347 17.437020102984153 255 255 255
2.7190108546296297 -0.4730268861656923 17.668282530357278 255 255 255
3.4640387498655056 2.3467317215832595 16.819312387780677 255 255 255
2.743637246010003 3.560815858180117 17.973128161220945 255 255 255
2.5378607292135644 2.3841513798209863 18.903489367447552 255 255 255
-3.7815843367378115 1.4350801290262811 16.233980883106817 255 255 255
0.5431428648707438 2.5095158455568156 18.25829993513132 255 255 255
2.9362121947378657 -1.8577349491671715 16.945782526722425 255 255 255
-2.944981413064866 2.467929696962043 17.318212801664416 255 255 255
-4.9895677679574035 -2.24284088250695 16.724904521951725 255 255 255
2.1440767658562563 1.1306752199775378 18.519492888140103 255 255 255
-3.814459021310101 -0.8349807906806944 16.581350622825585 255 255 255
-3.7392783524309916 -1.7473304103799414 16.172422714132402 255 255 255
3.154647638168524 -1.4643965711327993 17.1583084709984 255 255 255
-6.6578885701219175 -2.4981256957022193 19.181622323205417 255 255 255
-1.8130422286908425 2.3659699067468187 16.969349156136577 255 255 255
-2.270257576945291 2.6810553361049143 17.248820713528428 255 255 255
3.3642821718449976 1.1787554522407655 17.533960083454836 255 255 255
2.6901248800161697 2.2801666894611325 17.992654664670795 255 255 255
3.501001500687979 1.5651202326840647 17.005322379621447 255 255 255
1.4960064560443758 -1.2378657607888803 18.346096204850003 255 255 255
-0.10451802420773496 -0.8416937382874974 18.068021147004877 255 255 255
3.37942334026516 -1.7401948089269552 16.68927225851404 255 255 255
-0.5628799751317047 0.7710143557097476 17.69974314570342 255 255 255
2.927411489395379 0.8477285420458619 18.039001572734865 255 255 255
-0.23984940608269223 -1.4516865212004457 17.68599636777923 255 255 255
2.9547732036074894 0.7757680724786671 18.00950113427706 255 255 255
-2.4707217760321623 1.1150825659695913 17.28175275419899 255 255 255
2.2051681546063704 -0.8862392769121267 18.409805965558597 255 255 255
3.8604552868668582 2.0053820547828067 16.54281523920032 255 255 255
-1.2735008053604326 -1.1183388433694081 17.635303837466505 255 255 255
-4.442149165207736 1.161411990383803 16.893433768289334 255 255 255
2.612319332405296 3.746573787127417 19.643894261841634 255 255 255
3.7438551434389487 -1.1719633899675097 16.232004066554442 255 255 255
3.2344569396937493 2.77427377784219 17.58581786348055 255 255 255
-4.849930563927069 0.8140244172881502 16.778196105761943 255 255 255
3.882148651142797 1.3308658585151134 16.75338719044384 255 255 255
-1.373492120371507 -1.3935460883684359 20.531048846411547 255 255 255
3.7263380617483968 -2.277512164644052 16.126042253366425 255 255 255
1.0916885989479754 2.5878351914034616 18.222857814965586 255 255 255
3.240301302055884 -0.5482012719806401 17.323892025384293 255 255 255
-4.402239837564467 0.8987976900931269 16.34738341383813 255 255 255
-1.4249085358427145 2.551040764151791 17.05494752874315 255 255 255
-2.660219389906742 -1.2695294768149292 17.219815081010818 255 255 255
2.4933146535508395 0.9106904573605782 18.409694242366907 255 255 255
1.2628066513664444 -0.8422897197725742 18.362657384324923 255 255 255
-3.7064832351365284 -1.3271777589797484 16.806030150210862 255 255 255
2.910815497941137 2.7728223980311415 18.01814690127326 255 255 255
2.993079277815349 3.6258226166752476 18.44095756577644 255 255 255
-1.5784957207540258 0.4922048741561429 17.640684862587136 255 255 255
-5.355930251470391 -1.8302854626904363 17.085365327462476 255 255 255
2.2681731139595995 -1.1646046790119002 18.331296335664273 255 255 255
3.334824296783094 0.5584444490548776 17.542995338906877 255 255 255
-3.659842375301473 -0.669451314038756 16.93879055790651 255 255 255
-4.997896728721406 -0.5364108444859973 16.821736223031976 255 255 255
4.297459983093929 -1.8145895046180809 17.424289686666505 255 255 255
-1.720416256456834 2.7748864853267134 16.532129060402585 255 255 255
-2.6937559446601242 1.326573057757801 16.98776499085592 255 255 255
0.5616775326183607 2.734527036479745 17.97473447083839 255 255 255
-2.1502198662886562 0.21779781853066338 17.46809872481924 255 255 255
2.2263524215516184 0.9983409441861801 17.713052042598058 255 255 255
-1.8563912563247735 3.254026118873074 17.20913364082911 255 255 255
3.277301675765368 1.8854280757927244 17.42667552520133 255 255 255
3.7374068685084714 -1.153452490881094 16.918481072256753 255 255 255
-3.8945177164279485 1.190398165146857 16.145237302922848 255 255 255
-3.7521989254217534 -1.3849244979130646 16.591960927475274 255 255 255
-2.0399668460436713 0.05587013710638185 17.77373321353494 255 255 255
-2.4273461094350424 0.008629038336892724 17.31523802793603 255 255 255
1.2495063775179354 3.296726920459415 18.41380700332313 255 255 255
-3.52817194791022 -0.2571203524061921 17.178200825676676 255 255 255
-1.4012626544275382 1.6797088481610987 18.11695529238633 255 255 255
3.3151819402168563 -0.4740227362794011 17.338345469500066 255 255 255
-0.6953142959145525 -1.5843063006676832 17.67904119199805 255 255 255
2.2837523554097534 -1.8451937296777248 18.76945628948631 255 255 255
2.7177167525167993 3.497804411072474 18.12589434175458 255 255 255
3.5368956401530403 2.713649752441137 16.730344198209867 255 255 255
-3.1909781282170577 0.8387869340517895 17.071310576250802 255 255 255
1.8528527665580632 0.3650267509428413 18.320937839675658 255 255 255
3.2899578359432775 -2.0745938404898583 17.07549824572376 255 255 255
-4.464192527609729 0.9177746356834962 16.715246896889738 255 255 255
-3.9674488633699334 0.12276284046861302 16.007437426064367 255 255 255
-0.5639446588556932 0.3494702403987276 18.297522854753577 255 255 255
-2.543184106586399 2.623152744200372 16.62315370705679 255 255 255
-2.6271403108792284 0.10778880178456954 17.322295408666836 255 255 255
-2.3882526110440927 2.348254377418219 17.182369625381657 255 255 255
-3.634253424563619 1.864361570162391 16.90716389885051 255 255 255
3.7227800622135296 -1.9261756427856276 16.140096377457496 255 255 255
3.303159422010492 -1.183206168937457 17.795864125646126 255 255 255
3.2987960085030186 1.5798496739214525 17.45413895975771 255 255 255
-3.6714284502462897 -0.5255290713687574 16.98120868972306 255 255 255
-4.735807467525449 0.9229696105770042 16.72190026765371 255 255 255
2.5145949812946986 1.3572877136713701 18.914264592349134 255 255 255
3.924370629724181 3.0400842377309933 16.596096124712734 255 255 255
0.7168460489784524 -1.6337077018919774 18.049190687246927 255 255 255
3.8131440523596365 1.7893699914592318 16.608461774176114 255 255 255
-1.3611559675140905 -1.263675340124232 17.779624302012163 255 255 255
1.0096710207508712 0.5693130481754997 18.061329275922816 255 255 255
-1.7525349258904632 -0.9998193807367745 17.666670241811357 255 255 255
-5.448285383709935 -0.6300685789643391 17.397464780428912 255 255 255
-2.6783306351649925 2.366802163775844 16.583760961660946 255 255 255
-2.712019465438023 0.8850060442159253 16.965215820520857 255 255 255
1.107653293827999 -0.8460719740113926 18.852354669211593 255 255 255
-3.7032488692562415 1.640848975088259 16.56396381265062 255 255 255
3.9553867710178796 -1.2797007705474441 17.030496488734624 255 255 255
3.4118605477652433 3.2697579561007286 16.704110326287317 255 255 255
3.107572536046886 -0.02694471004680416 17.35460362398861 255 255 255
-3.579146549372269 0.0004917853050511357 17.035382073116992 255 255 255
2.5720150383049365 -1.024702326630498 19.18962015270039 255 255 255
-2.9128591156943986 -1.0754661277003572 17.032393604331475 255 255 255
-0.07167650415984043 0.8691947456397163 17.82498826733278 255 255 255
3.856646962594364 -2.1724022865478854 18.1463028232055 255 255 255
3.0166430169040503 -2.089199966182392 17.638204176531918 255 255 255
3.7118140197573863 -0.414310383830799 16.428516113140912 255 255 255
-3.6508269211665567 -1.2795572245481466 16.83108858534611 255 255 255
-3.78674989441812 1.2612609456229857 15.950441453419554 255 255 255
-2.035203396656609 -1.8724701232782779 17.60885512646793 255 255 255
1.8528527665580632 0.3650267509428413 18.320937839675658 255 255 255
-1.7621643706678338 1.034662364459224 17.059392252850635 255 255 255
3.4899784381318733 1.6510851101518533 17.080047462759733 255 255 255
-0.3952593018525137 -1.394554131436519 17.583944628912423 255 255 255
3.4796203338914937 -0.4268947490171557 17.671919829792802 255 255 255
-2.7716945867285334 0.45851640518483144 17.106870302257562 255 255 255
-3.7690099389332157 -1.7410969992455334 16.66046959567194 255 255 255
0.07358062713925038 0.6013622558404181 17.8476461318259 255 255 255
-5.925063474489812 -1.5594745244160981 17.585362542445065 255 255 255
-3.8869334015582435 -0.2899598331255033 16.205770443608518 255 255 255
3.6865605908302914 2.6734212220895737 16.47632773789945 255 255 255
-2.069154737243426 0.8005705570298816 17.34594014752281 255 255 255
-2.623448541487361 2.729454110183452 17.366735430955092 255 255 255
-3.36420584097159 2.0609030323371433 16.95664191810518 255 255 255
-4.535533937599288 1.0086839995370014 17.18749920211607 255 255 255
-1.4280994887648664 1.1551553792335827 17.80800852431308 255 255 255
1.3710779702868403 1.7268021179777016 18.814751991333626 255 255 255
-2.2593454300666354 2.817217569554677 17.622261684427485 255 255 255
-4.186857743483508 -2.180923045717355 15.437088198602694 255 255 255
-1.3777871661991734 0.4431958538936296 17.743519220486796 255 255 255
-2.5920116078090785 0.4156694257744723 17.19808289190156 255 255 255
-0.9667646006670177 -1.2978611006495635 17.70132414181362 255 255 255
1.4209390540676583 0.6161482512291562 18.132050663054287 255 255 255
-3.5804431607676617 1.7379205570764547 16.607183654026873 255 255 255
-1.7678975809613429 3.1658368313492424 16.61222823335421 255 255 255
-2.6387985487164642 -1.409330421781367 17.29396433117573 255 255 255
3.6252749104435487 0.8839503898980282 16.98990934860494 255 255 255
2.4249011344291618 3.544033189305944 17.85099587466964 255 255 255
0.3741393144730432 0.4658859971613867 17.94738927456607 255 255 255
3.6374672526755902 2.6324659872337635 16.777031319585323 255 255 255
-3.5189677372377304 -1.765706166393586 16.85030412423485 255 255 255
0.9734151902943347 2.618539989662321 17.81890969149987 255 255 255
-1.4897955529395677 2.859618576972518 16.575197458806755 255 255 255
-4.141931141883034 0.3040211126151697 15.52926771532228 255 255 255
2.449992485075279 2.008335428271805 18.970905970425356 255 255 255
2.532595836403214 -0.7519073104354156 18.57822977693947 255 255 255
-1.8794678689725839 -1.4926650681672118 21.692438565238366 255 255 255
2.6844593900644695 3.1885703447464033 17.422038777892524 255 255 255
-2.5814237694560003 1.5750906075148956 17.0794660731727 255 255 255
-1.7339971381286194 -1.4272433242208544 17.507468001468677 255 255 255
-1.827150662813805 -1.5362604857772815 17.114868225988214 255 255 255
-4.9895677679574035 -2.24284088250695 16.724904521951725 255 255 255
-3.798609361361487 1.0304443934138676 16.024255801470517 255 255 255
0.7897655456341253 -0.7597293656725213 18.0998648494096 255 255 255
3.871168826545159 -0.49241896833587223 17.048976557254225 255 255 255
0.7307780679292669 -1.496767466845475 17.85952911645107 255 255 255
-2.270257576945291 2.6810553361049143 17.248820713528428 255 255 255
2.3752691613934465 -1.715839332172798 18.49814295747473 255 255 255
-4.341094414693946 1.319409658267359 17.611522308256223 255 255 255
3.6150071147218625 3.608035792760287 17.234034565587738 255 255 255
2.6910521776199694 -1.6165800097953567 17.672282694381384 255 255 255
2.873476612339274 -1.4759779956347303 17.535207602033513 255 255 255
-3.2412274984694607 0.9549741521349386 17.02992084392447 255 255 255
3.2451059163132254 1.9451999547891896 17.47267191676911 255 255 255
-2.232163063850605 2.6601004338904413 16.960577324090607 255 255 255
-2.2659482032021603 2.657162658553279 16.708601437461514 255 255 255
-2.123020066652438 -1.210413518187868 17.180751850696325 255 255 255
1.9276703918794802 -1.471983003450132 17.840735546495374 255 255 255
-3.536239768751468 -0.06702257891743682 17.180331825929713 255 255 255
3.307659133003376 -1.848904650416677 17.233620508874324 255 255 255
-4.057306395401081 -2.0022586955500605 15.397868956063684 255 255 255
3.856646962594364 -2.1724022865478854 18.1463028232055 255 255 255
-3.8226776691478133 -1.6829703367013922 16.10839164428769 255 255 255
-4.475858417654996 0.9686539334108439 16.33386729546501 255 255 255
1.0096710207508712 0.5693130481754997 18.061329275922816 255 255 255
1.3370713806700627 -0.45916231090769827 18.962312489518972 255 255 255
3.3894033413794697 1.1549203544718605 17.542851949237352 255 255 255
3.4251970981900697 -1.7219488037573711 17.367757279817138 255 255 255
-3.2862348470630542 1.8505684689229334 16.5864651696448 255 255 255
-4.983595131615693 1.0967654711941803 17.25600591953418 255 255 255
3.0387657491031232 -1.2920467755427192 17.528065584942706 255 255 255
1.5283326858366875 -0.7075494995551358 18.173894071471853 255 255 255
-2.4612351298722785 0.4195089683626708 17.341342574793327 255 255 255
1.0893050457019633 2.7350327804043353 18.17655237065983 255 255 255
-5.12085975920496 -2.1722183171258154 16.941260450359607 255 255 255
2.0259397787228735 3.4551330807034346 17.50608097563237 255 255 255
3.752544300718041 2.364135074875368 16.883015661915625 255 255 255
2.803948663256528 3.5111977763193143 17.774189620805934 255 255 255
3.6742202707424263 2.8944511813244653 17.085852395431026 255 255 255
-3.672264097771322 1.2586214823209496 16.15926414806491 255 255 255
3.0460622522793583 -1.0603744892820435 17.129250272269314 255 255 255
2.29795402007479 -1.1998990728953507 18.629072277937752 255 255 255
3.3484743885974813 3.4048365218524395 17.076614370482353 255 255 255
-1.4196075866324318 -1.4788947831312906 17.445725305110475 255 255 255
3.3412719408741838 -1.476039670454329 17.382290051988118 255 255 255
1.0069186020759564 -1.2751412350106908 21.257600782437706 255 255 255
2.9283815495588956 1.3125025732034932 17.62915814180752 255 255 255
-5.7739272107416255 -2.805310742683841 18.132984911126034 255 255 255
-2.837654890554356 0.7159244380670069 17.07413875238679 255 255 255
-2.992854182624181 0.835033019855942 17.236237490275006 255 255 255
0.3264904476140273 1.183882328461293 17.64080042110268 255 255 255
3.5041549852015264 1.837583177447836 17.02381773299254 255 255 255
-0.3800647277386619 2.5997004232916114 17.261217104857778 255 255 255
-3.8280056186748146 -1.511195763003331 16.333200620567414 255 255 255
-2.1802726939210206 3.3917380080046136 17.322902670868153 255 255 255
-3.102426141434593 -1.1133127429008174 17.32201998512233 255 255 255
-6.068515127162919 -1.1032718545459945 18.435464912496084 255 255 255
3.3428365217155487 3.4074935004209315 18.353758288257424 255 255 255
3.294776860270754 1.6737529486489575 17.450201570660433 255 255 255
3.404548234129102 2.904933846293805 17.200590495476415 255 255 255
-4.056923830266501 0.7523475766761519 16.261194182913638 255 255 255
3.02471608573174 -0.8084126184745667 17.540232517995225 255 255 255
-6.140141515839694 -2.4307100060912603 18.580157591949156 255 255 255
-1.9591070869069542 0.8500356707928699 16.96904989474718 255 255 255
-2.209603669338527 0.666298511327104 17.184413458665677 255 255 255
-0.6878704543740163 0.5830531625330035 17.71452521682891 255 255 255
2.9236902467277908 0.03801488769397834 17.899265895343905 255 255 255
2.860041384932165 0.47375087633381135 18.143101352830424 255 255 255
3.7743881526813006 3.409790588640699 17.10698887728236 255 255 255
1.4302643127507848 -0.9484427965801316 17.81847037714354 255 255 255
-0.5139136465420174 2.7307053451536896 17.7610328279055 255 255 255
3.3133563535187927 1.7548979435683552 17.19044195266868 255 255 255
2.9929591444377346 -1.579942444512883 18.048391338141986 255 255 255
1.5199492882177856 1.0168680237577807 18.215654081300922 255 255 255
3.9452153394659195 -0.5078157726181306 16.40789447487211 255 255 255
-3.460205561303566 1.9685574297307689 17.30731591420101 255 255 255
-4.712724719074335 0.8926466167343209 16.652276785132834 255 255 255
-1.607007771524489 2.7584883178405777 16.566567384257752 255 255 255
2.4137794475242504 2.539616726895025 18.49869368267609 255 255 255
-4.322920167035743 1.354410012561777 17.326196062728126 255 255 255
3.4197862566434716 3.3090358567021156 16.973657108719575 255 255 255
-1.3828752118018641 2.8893880320734677 17.444762576782566 255 255 255
-2.6783306351649925 2.366802163775844 16.583760961660946 255 255 255
-1.6737766772616225 0.4420072596867895 17.482185710736655 255 255 255
1.118470614654211 2.8539807947616893 18.04610987501376 255 255 255
3.0286493736737015 -0.7141535144707649 17.71641992850512 255 255 255
-5.602203508374294 -1.3339002114043363 17.457039908014817 255 255 255
-2.977251195410512 1.8777134676980487 16.940332461884683 255 255 255
-0.28907427790812057 2.517514714817137 17.819933865672265 255 255 255
-3.672623910482382 -1.2862495297717447 16.919687593478177 255 255 255
-5.055725628443612 -2.185831344553145 16.644073420109347 255 255 255
-3.0104587540162546 -0.9424003200473309 17.148950217911484 255 255 255
-0.13107349672873894 2.9882645466467457 17.32857065598349 255 255 255
-5.2165620926218 0.38176782877442544 16.86361512079666 255 255 255
-0.13673743247180384 -1.9282275279830283 18.425677067525474 255 255 255
2.2297213399154154 -1.1731705057171133 18.018794953888538 255 255 255
2.777069513687679 -0.799914823658437 17.87878677464703 255 255 255
1.6520575540386988 2.552169523487546 18.355489196223996 255 255 255
3.318100738055804 1.7871356091768513 17.28949923795459 255 255 255
-1.7424196755298496 -1.467234990901927 22.610582561266583 255 255 255
1.994491167779704 -1.0676185911314433 18.500831950021936 255 255 255
-2.526190068801194 1.6197986290045523 17.178022923889916 255 255 255
1.3426575674996577 3.112159609854127 17.869838007784733 255 255 255
-2.2585381615408346 0.6233129490287516 17.420339892769324 255 255 255
-2.5634121622173995 -1.1753846601935782 17.424943575278697 255 255 255
-1.0289021622680683 1.109236089428327 17.592731322168714 255 255 255
1.3944352242139049 -1.582141061305968 17.8752435944704 255 255 255
-1.2116979736984954 2.353536583904969 17.356219775827302 255 255 255
3.640391770539121 -1.057987829463507 17.64335664025086 255 255 255
-0.6653632683662254 -1.5000966159258073 17.739482296133524 255 255 255
-2.4870874960254468 -1.7912872660905426 17.534521373969227 255 255 255
2.176244142222046 3.7359128988221735 17.87707602568547 255 255 255
-2.671164109947959 -0.43683874517935956 17.31529842473181 255 255 255
3.742778554515858 0.49596157902476257 16.537046099585858 255 255 255
3.13577055046303 0.5881563834711712 17.622667258931042 255 255 255
3.981270196242923 -1.0668186551772791 16.467346340537635 255 255 255
4.057210801582748 1.1156178810255406 16.684074535668024 255 255 255
-1.3707043817706421 3.076592505007754 16.90027736750514 255 255 255
-5.027062370315596 0.3055167098144169 16.658076872893492 255 255 255
0.9407904619819324 0.6866158431098675 17.938825107660907 255 255 255
3.0607077036683434 -1.5315686946095646 17.055944186997248 255 255 255
0.9734151902943347 2.618539989662321 17.81890969149987 255 255 255
3.3581487240454577 -0.767832101144189 17.368272892063526 255 255 255
-5.654537558896405 -1.404621562737015 17.537854470369584 255 255 255
-3.7213900483906563 0.7071517225717238 16.572549396999808 255 255 255
-1.7039220634263053 -1.1103725986679316 17.360791906383703 255 255 255
-3.9566489324000926 -0.7282538809487749 16.897212533759046 255 255 255
3.9702920429068165 -2.422996337151346 17.236690516134804 255 255 255
-5.396037367799048 0.8354742172202859 17.519878705497774 255 255 255
3.855459950943386 3.63188010137545 17.622876768631286 255 255 255
-3.068521039809258 -0.6964345251282082 17.146884522290346 255 255 255
-3.780918008807738 1.3488228550832713 15.884315981574565 255 255 255
-0.25542573726533246 -1.1599997090837497 18.078100971995575 255 255 255
2.9968737908437566 -0.3943508414941543 17.45338357046597 255 255 255
-2.240186955121648 0.8026795031168834 17.376126437127645 255 255 255
-3.223914502618507 -0.7473937242637687 17.08695265845844 255 255 255
-1.9423558978576048 0.9235367978671358 17.1878597643783 255 255 255
-3.295117972366959 -1.6801737094773135 16.85782918511757 255 255 255
-0.08637445401063712 -0.8064103111384507 18.30150716236154 255 255 255
-4.297458677872537 -0.5413507340628699 16.179832396870495 255 255 255
-4.23757297628933 0.24585072001173738 15.601048136643525 255 255 255
-2.500035770468616 -1.2687744933851677 17.182614354373033 255 255 255
-2.301788874821588 0.7536936508615223 17.215130143021433 255 255 255
2.711098613778157 1.5310024652616387 17.793217339007033 255 255 255
3.8502373103494163 -1.1827780842064022 16.268035944942405 255 255 255
-3.5613798368486216 0.3173674840391413 17.063201462914513 255 255 255
1.305263966925508 2.4858998600130935 18.15949529554489 255 255 255
-3.206479130179912 -1.1191943929313197 17.103552437883977 255 255 255
-2.6746751188065785 0.5517077711809308 17.167661115105027 255 255 255
3.630643036080284 3.0577657967032392 17.174943135151008 255 255 255
1.3756749838549416 0.8115818639337745 18.09132232984798 255 255 255
-1.3980628923663858 2.450899563554416 17.962921904586818 255 255 255
-4.866996889716567 0.8902304179252875 16.55611190278296 255 255 255
-1.780368621233412 1.208393571802353 17.05474881170525 255 255 255
-5.2052401311128875 0.10977378632985121 17.245452595297632 255 255 255
3.6162965759290406 2.936452088370863 17.02072388555489 255 255 255
3.643440601890482 -2.0666617637022644 16.392793529006873 255 255 255
3.169895032251594 2.1659260702760847 17.43951445440653 255 255 255
-2.751579804325553 -0.5814746527869412 17.17728238161833 255 255 255
3.870450625858433 -0.6253739173311949 16.4844267914117 255 255 255
-3.869486938019951 -0.49687311908935955 16.97706942164396 255 255 255
3.0938027523808493 0.426064203778927 17.552837824303218 255 255 255
-1.7447091320773376 -1.2837623502218487 20.569708965800473 255 255 255
3.251224601130352 3.7105196716001134 17.474257058852604 255 255 255
-3.7870039608073864 0.538564578909526 16.85518073296885 255 255 255
0.9258024880791385 3.0125829725006352 18.06054143259234 255 255 255
2.9335158211266146 1.2024143832502123 17.521776020121315 255 255 255
-5.400607085370922 -1.4525982092091354 17.21319972474061 255 255 255
-3.6625090405408764 -0.36550196209269153 17.01805700004977 255 255 255
-1.8083556477567047 -1.844558325723628 17.608507864428457 255 255 255
2.52199504075041 2.2117823590766736 18.906788694506265 255 255 255
-5.86485706317595 -1.9814426294229939 17.98436476738376 255 255 255
-2.8851203657240543 -1.1853630660691865 17.17202562013606 255 255 255
-5.297630792404767 0.07662032281325751 17.102725705106753 255 255 255
3.5041549852015264 1.837583177447836 17.02381773299254 255 255 255
-3.995776777154291 -1.4901820961165246 16.793786810824226 255 255 255
-3.7879971327647186 -2.159043126396656 16.190680426207184 255 255 255
2.9061745695670753 2.7676296671901235 17.984894551400064 255 255 255
2.9938115028707304 1.6376284801359249 18.06997335222358 255 255 255
4.077218762566779 -1.2847375406560289 17.102889362314965 255 255 255
-0.13738188026558784 2.701256698895302 17.316827011449064 255 255 255
3.5794104483586273 3.3659903967802087 17.165329850589288 255 255 255
2.8164964727683204 3.1757018438213955 17.97369543852875 255 255 255
-0.09300056429945151 1.1643871272438464 17.91854448407554 255 255 255
1.8406535976498286 0.2952300297063528 18.471521357670483 255 255 255
-4.111113597060303 0.6976516322996066 16.12241064115055 255 255 255
2.9012359390370968 3.6683445785438864 17.38563915441563 255 255 255
-3.944870717932824 -0.6229242602562612 15.66109139341178 255 255 255
-4.154884073627031 1.3007671871021196 17.2395721709685 255 255 255
2.932421950789289 0.03805733357173236 17.93149170348732 255 255 255
-2.3614208070268123 2.5563231824928523 16.827256760963987 255 255 255
3.876973845149648 -0.6405136279238288 16.59195477350283 255 255 255
2.565822532028221 -1.3934571347975222 23.018916315309276 255 255 255
-0.7135700537959038 -1.3137014523806034 20.80029736391819 255 255 255
3.239229830474259 3.254116669337953 17.611779487403336 255 255 255
2.6175501016860974 3.4175245853037985 17.93914461128036 255 255 255
3.6631570032282434 2.7816923737158343 16.616203000329257 255 255 255
1.2086540879245065 -1.3321164175356688 23.384230751691074 255 255 255
1.202725071392553 2.9322123718507225 18.139534676730662 255 255 255
3.945072570997381 -1.9820931198739205 17.016893499156804 255 255 255
2.286227063388222 3.5574001005951317 18.209920620424246 255 255 255
-1.305669772344525 3.230300482714818 17.115623521944457 255 255 255
-1.4824831079726137 -0.4574810394199769 18.023732603481964 255 255 255
2.4722655669852296 2.059199221018207 17.615680691134692 255 255 255
-3.7398893345542255 1.8404839253816168 17.173717290439665 255 255 255
2.63923222815679 -0.5112735042170091 18.55953903698998 255 255 255
2.780158152537606 3.5394105908028144 17.860428440803094 255 255 255
-4.075917530185035 1.6511940698004781 17.63157860476441 255 255 255
3.3777526410952747 3.8766270672405163 18.09748343086745 255 255 255
2.4784601011527965 1.774110055948551 19.00245826359923 255 255 255
3.567149967901035 -0.5257484452266734 17.28665342880614 255 255 255
3.6691430314884865 -0.9965619272918766 16.41308466640601 255 255 255
-4.022409558778292 -1.6978050393902824 16.54426304136019 255 255 255
0.11148809635884852 1.0631727164933733 17.64277034063044 255 255 255
-5.4822722599983384 -1.4294191687230537 17.496431403099805 255 255 255
0.37860677394906767 -1.4960710553762773 17.710048508928203 255 255 255
-3.1738482186377763 1.7937533249158206 17.08360131667201 255 255 255
2.36603936192679 -1.1058966503321683 18.291513028882548 255 255 255
-0.30737738473483045 2.4461276867127966 17.748943302077226 255 255 255
3.015275274812349 -0.9279078695617942 17.54498876112044 255 255 255
1.6732045002632703 2.480118354375092 18.519166670687486 255 255 255
3.4144005066558663 2.6678104452164284 17.172598347470476 255 255 255
-2.5688897900024887 2.6609249377068087 17.376807235381158 255 255 255
-4.2091261273435485 1.5750322446376812 17.396962566029774 255 255 255
2.957286629106826 1.8470846565283736 18.23482621403261 255 255 255
-2.4912416956171626 2.525694288264837 16.852176150769676 255 255 255
-3.4730875570144537 1.8934652837379722 16.749419099061335 255 255 255
2.5365462811627153 1.861865936202095 18.669000692687902 255 255 255
3.9881356527336624 -2.582978193408102 17.230900532406054 255 255 255
-2.6587093698459787 1.5517960555853607 17.051446411551304 255 255 255
-1.6108953148101257 -1.4707696985245977 21.89281327935564 255 255 255
2.707018731977819 0.34190402906160994 18.012296987540015 255 255 255
3.4152725283634013 2.2969195515477936 16.96799266376393 255 255 255
-2.8449344582702154 -0.28594528561367843 17.242279065740703 255 255 255
0.26599277115909786 -0.7957942912255237 18.32082360755235 255 255 255
-4.579465112845283 0.3129562590101467 16.145301889693357 255 255 255
-3.914848536618044 1.4449824693228346 16.363206565610287 255 255 255
3.732579832477303 3.4948413137884833 17.423282093391684 255 255 255
3.806404473131668 3.14708516758777 16.87233416369943 255 255 255
-6.202971798165356 -1.9511019020780445 17.796365326772925 255 255 255
2.048771961956816 2.6527106216229757 18.393393107375868 255 255 255
-4.20055599228759 -2.2410770939560045 16.504822341375192 255 255 255
2.781157587577679 -1.8434665059145023 17.68481165439043 255 255 255
1.1947942465776584 0.689050964920412 18.004585393837022 255 255 255
3.976707384022028 -1.3159921594829629 17.65278654948262 255 255 255
1.1647390518041623 3.2514290748178656 17.459006409661857 255 255 255
3.797995485029359 0.2285934888421039 16.417737688505067 255 255 255
1.2483579157008635 3.001312542886563 18.177868887244014 255 255 255
-1.728447118525299 3.3281578583394724 16.906468864914387 255 255 255
3.3711261121606073 -0.7921982146710826 16.757219045268844 255 255 255
-3.808302839359021 -0.6622134140954993 17.106465400660937 255 255 255
3.084699711910323 -0.6680082910503748 17.608996527862587 255 255 255
3.169895032251594 2.1659260702760847 17.43951445440653 255 255 255
-5.208885826401909 0.7746679576455552 17.053227179575178 255 255 255
3.6914160031892442 2.5558071291457116 17.077050389535838 255 255 255
-3.79252541251126 -0.34383690860213695 16.684130346598526 255 255 255
-2.765660031354776 -0.3435418859350174 17.232459003571538 255 255 255
-1.8059965618994243 2.2523793419615368 17.305781957628984 255 255 255
2.051654058215693 3.3252495001190665 17.8076125862598 255 255 255
-1.9595568588301997 -1.424801044279017 22.253523246665168 255 255 255
2.6010290303527177 2.4271236928668483 18.460468810425663 255 255 255
0.9855306939259945 -1.101325723225795 18.3251220411913 255 255 255
-3.7783525855926965 0.4452007272343031 16.818023652665506 255 255 255
0.9318590924911672 2.751476023598714 18.07443815174736 255 255 255
-5.734740406736603 -0.8466276746361394 17.584579867927605 255 255 255
-1.878351916908105 2.5082938040061062 16.793714882224673 255 255 255
2.7502857726071546 2.908238958399372 18.067695831026768 255 255 255
-2.0422021207805128 0.7582336187596952 17.12573390390166 255 255 255
3.2764612761932246 3.360149841836871 16.95219967713447 255 255 255
3.4229555330266686 -0.8977621702564709 16.736166198851322 255 255 255
-3.7871120360816364 -1.6086503856686332 16.16420709007554 255 255 255
2.818329395230668 1.4537529119399144 17.96617110659762 255 255 255
4.0822265101069295 -2.279867735776308 17.26693513293245 255 255 255
-5.28951131827597 -1.225595329408947 17.096713735529505 255 255 255
-3.2239830306822626 2.0282036922625037 16.87422266005738 255 255 255
-2.9104225562018575 1.4977406234004345 16.81319475491065 255 255 255
-2.514365907818468 2.653087664258544 16.471622300312468 255 255 255
3.109550439058949 2.3373388009695404 17.427172249295285 255 255 255
2.4091073852310885 -1.3118502946225927 21.519937140930914 255 255 255
-3.5476703397069422 -0.7384351129145008 16.96782241381161 255 255 255
-4.56156069904759 0.8694012133062066 16.935062384102817 255 255 255
3.1267357822915796 0.10975595280725023 17.529049647893903 255 255 255
3.2588188346029976 1.0450537358293357 17.372121152080958 255 255 255
-4.654317450485279 1.088852500159623 16.876125229262207 255 255 255
-2.5527326302291415 -0.9732529317934381 17.354222266750654 255 255 255
1.0376893160119627 3.2280642468399017 17.586161318621215 255 255 255
3.5849275012922313 3.3901097075345707 16.81447536656861 255 255 255
-2.563232298889543 2.4906638932442258 16.482384839580597 255 255 255
-4.081820222123889 -0.9641723516941374 15.69775931217933 255 255 255
-1.5255633779881428 -2.104997953806869 18.50736596218875 255 255 255
-5.2784244907461755 0.19062866950669186 17.269391430780217 255 255 255
2.780158152537606 3.5394105908028144 17.860428440803094 255 255 255
3.690579895866964 -2.401369856008612 16.798369584456346 255 255 255
-3.5781596280129606 -1.2515821774211586 16.909655078859846 255 255 255
-1.8514363335861288 1.1117487792595 17.18498143710859 255 255 255
-2.8176015932314384 0.04731461497715779 17.120436375756373 255 255 255
3.915045824261727 -1.3912741157033843 17.311479518449524 255 255 255
0.11095588381956381 -1.5924643159250722 17.692173381361663 255 255 255
-3.7523992110949287 -0.5852332236835279 16.997384415521847 255 255 255
-5.236436600423442 0.20549855388897015 17.11448784394858 255 255 255
-2.775829331925135 1.3112359599778296 16.93953991363366 255 255 255
3.0805853682342597 0.2614117481638867 17.45426263068335 255 255 255
-2.396249835554046 2.7032721146969316 17.32893201620561 255 255 255
2.585992436710069 3.2494807786742057 17.49871592441878 255 255 255
-0.2971992969934868 2.715809686720815 17.803469575427787 255 255 255
-2.0403423868113046 -1.0540076187314926 17.308330821956257 255 255 255
2.971417236214169 3.503006120907506 17.930198443093772 255 255 255
3.9558884761454722 0.5063244580064177 16.62773495350476 255 255 255
-2.1180949534355697 3.2412556991905954 17.545124429981406 255 255 255
0.8286862742542581 3.4151972308527183 17.434829459365687 255 255 255
-3.5781596280129606 -1.2515821774211586 16.909655078859846 255 255 255
2.8505822609114704 1.2808147782168742 17.636864097297696 255 255 255
2.626480968978585 1.0639698519672305 17.540293692426573 255 255 255
-1.6108953148101257 -1.4707696985245977 21.89281327935564 255 255 255
-2.711697086361355 -1.429276711733655 17.128457802871242 255 255 255
-1.5259805612466817 -1.815620947651122 17.811688944295543 255 255 255
-2.7212190538562195 2.702355595929246 17.436241116481792 255 255 255
3.546319902604603 -0.8165674942265196 16.7396193534729 255 255 255
2.9929591444377346 -1.579942444512883 18.048391338141986 255 255 255
0.6261822895790617 -0.7526474827245114 18.125644838286444 255 255 255
3.43157212286319 1.754515091109398 17.31241919688836 255 255 255
0.42474668146389166 1.1098534375313787 17.981592707070945 255 255 255
-6.212291842458422 -1.6242058114050217 18.192597812871696 255 255 255
-2.0188416425933715 -1.5826590108577407 17.68643205434538 255 255 255
0.07347038490330991 0.6009887654035074 17.83599622714823 255 255 255
-3.851358145690066 -1.0886792980159685 16.1843754755195 255 255 255
4.02853578648243 3.029193441861703 16.887989898456624 255 255 255
-3.0005770830076863 -0.7490814378058613 17.13472186784712 255 255 255
-3.931307587990641 -1.2188600968661163 15.416416410257074 255 255 255
2.822930320749747 -1.5688120229937088 17.67638758117375 255 255 255
2.9467405070517763 -1.619859312216152 17.024161686584282 255 255 255
3.2472074394591215 -1.5993814941506286 16.641955502120627 255 255 255
-0.6877871453585424 0.9673312941042873 17.602950551214846 255 255 255
-2.560744118689323 -1.4019325299885672 17.34491373666153 255 255 255
-3.5647201883923145 -1.0600015418567463 16.986399665376002 255 255 255
3.023260745069668 3.353887429550243 17.128797621220876 255 255 255
-0.7974328717631947 -1.2941678924074118 17.65669907326308 255 255 255
3.316923156209305 1.6778416485021388 17.55795954842169 255 255 255
0.6461857106185738 2.617719672912263 17.6627723640963 255 255 255
3.7722550691769667 1.4494971633758515 16.806686722121345 255 255 255
3.193007296964205 -1.6225090967769529 17.369929744361457 255 255 255
3.4098250200384395 -0.8232890357596351 17.324125314514045 255 255 255
1.3472579964877045 -1.322401774703078 18.210969851797316 255 255 255
-3.698708592672311 -1.9610251836617096 16.96214906451032 255 255 255
-3.643675651269035 -1.10489540115474 17.210534659115993 255 255 255
2.6119515598646914 3.4513442446603793 18.54293205158515 255 255 255
-4.746191887815794 -2.1750168006525863 16.33528861855644 255 255 255
-2.0486937884531806 0.8410168675949784 17.17671681476819 255 255 255
-5.787783812478904 -2.346460753521109 17.818503475549804 255 255 255
3.347978050853247 3.6830029344899615 18.429112111973485 255 255 255
-5.014642309970285 0.9228378154305531 17.060113726492098 255 255 255
-1.8380378730618467 -0.9557778156305133 17.724663481840995 255 255 255
3.0642791341286935 0.12128649828512299 17.479268428492805 255 255 255
3.832142484696932 2.8188996074081105 16.99377558550721 255 255 255
-3.107072589678466 0.5766698152522363 17.07317171395687 255 255 255
3.5404613252423434 0.33105077081954315 16.895219075428493 255 255 255
-0.3704778293100809 2.5995894748504274 17.786912836331993 255 255 255
0.020160272578757778 0.6618199815537406 17.80952373694188 255 255 255
3.1402955154620114 -1.0068043506915445 17.342990812939334 255 255 255
2.230537637924144 0.29830811365755655 18.364532643093202 255 255 255
3.285759159902604 3.541334518506589 17.9224446788417 255 255 255
-4.530422130283049 1.037901431242942 17.498937628208147 255 255 255
1.119110049545425 1.1020690751439888 18.30322421323143 255 255 255
-0.5347034820869143 -1.4565258159701486 17.827796417943443 255 255 255
-2.553748044967736 -1.1712317979526818 17.391855250236492 255 255 255
2.789952137924422 -1.0845941818708464 17.7077878283612 255 255 255
-2.602625746760088 1.2681474882259267 17.185740581187893 255 255 255
1.2299144733149843 2.6317635161303827 18.289393080724533 255 255 255
-0.9721356058362305 0.4959809717701698 17.71730994009251 255 255 255
-2.704169625243957 -1.1942790492661317 17.427914517073095 255 255 255
3.6888265814543435 2.4979635720172966 16.821172791256835 255 255 255
-5.130817636121303 -1.4444389602790029 16.883794502680885 255 255 255
2.9926638648209885 -0.3395063195229111 17.927550419261305 255 255 255
2.4072893624203284 -1.0561854645821018 18.40972835407303 255 255 255
-5.445589523525147 -1.5401997950896296 17.327273062891845 255 255 255
1.2519254582940837 -1.1000061239586298 17.808579692231724 255 255 255
-2.5993227648284574 -1.4899972595682454 17.42682440285154 255 255 255
3.76912062146127 -1.1826971827280965 16.312626389565956 255 255 255
-1.8721137415565756 -1.1640137082577073 20.836260415836843 255 255 255
1.9244461402992115 2.8542907961510737 17.394137224873205 255 255 255
0.4037212792036226 3.0864476167110806 17.078928538755626 255 255 255
-2.8957616074038297 -2.0312872208018438 17.425479594792815 255 255 255
3.3220677103836485 2.843870428379767 16.670241859435148 255 255 255
0.5372346168322708 -1.545218785447867 18.12365981459435 255 255 255
-3.6919942726881665 1.3123665929159838 16.657976255297655 255 255 255
1.4988026058351516 2.558747824037381 18.29703568631598 255 255 255
3.6994192662473124 3.2367470620079226 16.900099404515345 255 255 255
0.05742966130451089 -0.8959800013370987 18.168981176346243 255 255 255
3.042473403259981 3.3093216366571996 17.15615789222459 255 255 255
2.342983008560575 -1.2854159897981772 19.000087428634334 255 255 255
3.9216572982885882 -1.7372377767440297 17.54304359133063 255 255 255
2.971383307687758 0.11055597468550189 17.913080203556063 255 255 255
-0.4742057561502205 2.6028198942212737 17.232304129703742 255 255 255
3.1685712877795633 1.9957317202980984 17.369530280680568 255 255 255
3.4657392967652454 3.7629337233568325 19.375461858160072 255 255 255
2.6476564347630505 -0.2579787835766847 17.903291710929672 255 255 255
2.0156757998560617 -1.0321253483116453 18.679111452646417 255 255 255
-3.59798518502931 -1.8178550241795541 17.12573045576426 255 255 255
2.3904318555219715 3.6250184930073357 18.548350595673472 255 255 255
-4.544371077483447 0.8938498955174099 16.110850747368307 255 255 255
-1.3873224945712184 2.7037399279538303 16.978172105622225 255 255 255
1.1924921124479038 0.9071971326299906 18.065028535717328 255 255 255
3.9292092167336508 -2.146144743539213 16.79904012368373 255 255 255
3.8207674951713213 0.9291092398775266 16.822955391700397 255 255 255
-3.683294362852518 0.9266839004311357 16.7618266272056 255 255 255
0.6438218766297237 0.5909886287159981 17.833786854249226 255 255 255
-4.007197925874847 -1.6593125510591427 15.261242537740365 255 255 255
-0.05471274100378914 0.97571314675404 17.983794836630985 255 255 255
2.844049279170548 -2.218705423765524 18.053370151532324 255 255 255
0.657232926613613 -1.0259861937470867 18.673660755482267 255 255 255
3.2406961093468483 3.5475176798342973 17.7172456325843 255 255 255
-4.963629262416305 -1.3176829387268185 16.761076244697126 255 255 255
2.4999716167071075 0.3512553734476156 18.488973386940266 255 255 255
-1.7860216594170801 2.7654317615538546 16.741287389301917 255 255 255
-3.029844021803145 1.7657228094288477 17.097459701334838 255 255 255
3.7374068685084714 -1.153452490881094 16.918481072256753 255 255 255
-1.2176761473653932 2.611771021518938 17.74582533717188 255 255 255
2.2663734572755727 -2.4434829573484724 17.84500470479416 255 255 255
-3.488686459082019 -1.71246936409228 17.027363634025566 255 255 255
-0.3955169390228634 -1.0907486286696502 17.858411744570805 255 255 255
-3.610533104079974 -1.8997427734023833 17.16222974423709 255 255 255
-4.7230666143620885 -1.3485434426180483 16.413230494284228 255 255 255
2.624132903577255 -0.1390020576653609 17.927420602102643 255 255 255
0.7625386532087277 0.305444286083978 18.33851874722113 255 255 255
-1.729502147825879 1.1846561543882776 17.753857931393377 255 255 255
2.7442311564038016 -0.6522587192993496 18.297002691518557 255 255 255
-3.6187030064404597 1.5769155493398628 16.54431315109417 255 255 255
3.864957197027 0.5867392454266102 16.948679029481145 255 255 255
-3.722676160740125 -0.28219165189993994 16.830957765596946 255 255 255
-1.5178107813252475 -1.636588582765519 17.628154086649904 255 255 255
-4.854220335697223 -0.46384941070216673 16.638708667815912 255 255 255
-1.9360028768625597 1.2237719043865345 17.08540246913905 255 255 255
2.277734999166992 -0.9513868209028035 19.757714052341193 255 255 255
-6.191267770916209 -1.869824524599448 17.619584103777797 255 255 255
2.6483199786533156 1.7654788220196647 21.024856395608477 255 255 255
3.154291116735477 3.6669053730541252 17.310449216944164 255 255 255
-2.6652906425623843 2.288518826400188 16.312101720814347 255 255 255
-1.8900940045045929 -0.7667890387517476 17.708853099299297 255 255 255
-0.09519173732613831 0.4080284931395107 18.007015553340437 255 255 255
-2.0858661162339143 0.5460732916715372 17.520567320430608 255 255 255
0.08282613632178071 2.938163997717822 17.482450261857206 255 255 255
-5.687539744995653 -1.507604923576344 17.593682459785636 255 255 255
-2.1646438936323813 2.6948353834647123 16.66331997484204 255 255 255
1.5475064595563361 -0.9929106477483114 18.62273314561724 255 255 255
-1.003711340673794 2.717847163966551 17.055808112296365 255 255 255
0.7546602124282331 -1.5603485262636738 18.149035470792086 255 255 255
3.865670052334819 1.223890234271151 16.976582071475214 255 255 255
3.39406951988254 3.538102090454061 17.787044171568724 255 255 255
-2.55767935923632 -1.6250659429991292 17.398261475766365 255 255 255
-1.6351071630721348 -1.5900851131692866 17.677648051802386 255 255 255
-5.464828392880614 -3.003199157188926 17.768159865041888 255 255 255
-2.9261753266208 2.64446107921201 17.26330648162699 255 255 255
-3.7649997082296074 1.4933703623402563 16.477484663389514 255 255 255
-3.1738482186377763 1.7937533249158206 17.08360131667201 255 255 255
-2.0330959451577586 1.4293162097074203 17.56251459276925 255 255 255
-4.407066019381752 1.0276760500247903 17.006478525049133 255 255 255
-3.438488665385964 1.8957538685027582 16.387876719991475 255 255 255
2.107406264116467 -1.1997206995733485 18.060354082408 255 255 255
2.733891951103317 0.06180966512610935 17.865403596633552 255 255 255
2.9512447464018674 -0.5268152813752506 17.928150129678407 255 255 255
2.0978092417197884 -1.4176008987850541 23.07211646454857 255 255 255
-2.6301089013995376 2.644398116095292 17.366830770023103 255 255 255
2.38618234887816 2.795023091323614 17.481442812996836 255 255 255
-2.6748909816616626 1.4334078077791654 16.89627951812078 255 255 255
2.52199504075041 2.2117823590766736 18.906788694506265 255 255 255
-0.08730388274192011 2.609567124388878 17.441001250211947 255 255 255
-1.8504993899701188 -1.6779679891522623 17.205460091208728 255 255 255
2.7216662581849826 -0.5148149195923991 17.872953230711843 255 255 255
2.5640255087542427 1.8571236762010106 18.90211539087522 255 255 255
-3.741736512281335 1.389943837009804 16.008344193311043 255 255 255
-6.511551520095973 -1.4943996449528456 19.201011763885536 255 255 255
-1.796828923949593 2.5666720764945357 17.04403837243864 255 255 255
1.7766886943906146 1.104253253837608 18.596808666785066 255 255 255
3.376856190391728 1.7424952786155508 17.57502829088415 255 255 255
2.9169565553403434 1.1626244210467576 18.063928536766618 255 255 255
2.021738920462231 -1.7274364544754028 18.502107716388675 255 255 255
-0.5139136465420174 2.7307053451536896 17.7610328279055 255 255 255
2.8733859171322313 -1.767446521172715 17.429983863066433 255 255 255
3.2812423083937667 -1.0641088869810944 17.220908391897495 255 255 255
4.07937556314111 -2.576482555432877 17.823963437733696 255 255 255
3.4334759621387705 -0.09704572160215386 16.869902283709617 255 255 255
3.02471608573174 -0.8084126184745667 17.540232517995225 255 255 255
-2.2695752352911143 2.5477002040274828 17.236724449068056 255 255 255
3.3416060716975786 1.8870803031684729 17.446288137400646 255 255 255
3.2485149041043013 -0.16329206119115225 17.393686900864054 255 255 255
3.6004462009813163 3.606325274595013 18.054680885163325 255 255 255
3.2963163775160256 2.320549822143939 17.555668469969472 255 255 255
-1.9045824120985566 1.2257217474670028 16.921110908877015 255 255 255
2.192074707607885 1.0312256763892316 18.395857904846913 255 255 255
-0.10156403241540032 0.16281444607528636 18.41960392286987 255 255 255
2.723765742473756 3.5865684903484243 18.075141515036012 255 255 255
2.5792778960647875 0.5046860108975271 18.26697312988964 255 255 255
-1.9590820542244192 0.6238473414332988 17.35066601329949 255 255 255
0.5558618293821012 -1.3999101122763513 17.907795052310185 255 255 255
-1.7223823683139394 0.5154406936917999 17.38611783524111 255 255 255
3.6914160031892442 2.5558071291457116 17.077050389535838 255 255 255
-2.6962780356306046 -1.3020027995561316 17.42043324558273 255 255 255
-2.059456765482396 1.3291447593462433 17.301617763774896 255 255 255
-3.0937258380300343 1.8737770475359103 17.13541872947858 255 255 255
3.28084810241613 2.655405448442356 17.592444322866264 255 255 255
-2.781131446875042 2.283119156150078 16.614271417893907 255 255 255
2.9241904906139817 1.6932253441641476 17.886259311244395 255 255 255
-6.020734448984119 -1.2009473672657056 18.352895499240674 255 255 255
3.3711261121606073 -0.7921982146710826 16.757219045268844 255 255 255
-2.4312004998449868 0.5479271225620458 17.286517790257697 255 255 255
1.7811273576965532 1.2786751608420992 18.1767453642574 255 255 255
-0.5142154230768107 -0.9000914206485954 17.976448913839043 255 255 255
3.821136585415395 2.226551759318594 16.502726814601168 255 255 255
-0.4881644430708123 0.4944517970886718 17.786099489766382 255 255 255
-2.6199977497782965 1.4045321890978517 16.80641019559503 255 255 255
3.5216119159545665 -1.1902249180695896 16.837690176936793 255 255 255
3.702080716531424 -2.143117369459053 16.04453885606924 255 255 255
-4.230231469127044 0.2555917545881544 15.575092527304589 255 255 255
-1.789198129421583 3.2911314297663092 16.796772322456366 255 255 255
-1.6124940673625885 0.5683389972310469 17.405780859496286 255 255 255
-4.931704781519742 -2.134279945633491 16.67920241803196 255 255 255
-2.7223991645704055 -0.8580977747614159 17.25864603462659 255 255 255
3.68906924046859 1.7523749276313298 17.081209991835234 255 255 255
-0.12769076335647278 3.2104986661902686 17.396222208805682 255 255 255
-0.10912989683342482 -1.2897664489822327 17.667548092167422 255 255 255
-2.6535018093066367 2.5682851243753184 16.434544955186084 255 255 255
3.0076701993863866 1.1784944262872836 18.138467897580632 255 255 255
3.270886239247833 -2.0697316488620148 18.049935444558713 255 255 255
-3.214134439005225 -0.8132250997499879 16.965648462285614 255 255 255
-4.1087882614405515 -1.4154235205408263 15.335161546409363 255 255 255
-1.302398780618597 0.38847102457153737 17.75831932220366 255 255 255
-4.125838000719892 -2.400287347728632 16.17125582500993 255 255 255
-1.7646781007843197 2.23279295048838 16.799504665137174 255 255 255
1.0819977149354096 -0.8173782586235893 18.171129337712166 255 255 255
1.1297868448335187 -0.726290960784948 18.028479909276758 255 255 255
3.8311589549699674 -2.6152733236055044 17.172526718450353 255 255 255
-3.7708521947220195 1.7375910153028145 16.774683993122235 255 255 255
0.06025017177536223 -0.7967504881525318 18.0252213953402 255 255 255
-3.722150144792857 1.8622460385611528 17.065217680393076 255 255 255
1.7797728805197919 0.47361561436117394 18.21144366637881 255 255 255
3.7064950266009267 1.2302278782159919 16.955806410503136 255 255 255
-5.285380957848099 0.32312513901028606 17.254129880185598 255 255 255
2.096993048572755 1.36316020215161 19.262349983145693 255 255 255
-0.4751749362297111 0.39236345731334876 17.922267103287318 255 255 255
-0.09519173732613831 0.4080284931395107 18.007015553340437 255 255 255
-3.3635347814061225 1.720052093272554 16.78992005026559 255 255 255
2.226460534373485 -1.0017861582108825 18.678739742266362 255 255 255
-2.5434452322592556 -0.46674474232997876 17.33388624273976 255 255 255
2.37585019957828 2.597400946744913 18.00496432495468 255 255 255
-1.4495776017938342 0.8837901924954329 17.356245972845926 255 255 255
2.983224682053607 1.9341118104457238 17.27176397136383 255 255 255
-2.691397933487907 -0.8081927426158495 17.328253194436904 255 255 255
3.112664098129745 -1.8499675310081072 18.42428596371293 255 255 255
2.192074707607885 1.0312256763892316 18.395857904846913 255 255 255
2.47731502271946 1.0270983267626705 18.47784537337948 255 255 255
3.179276917961103 3.0784995414147014 16.940142622994745 255 255 255
-2.934602939899185 -1.8114030802027374 17.225404654032502 255 255 255
2.4398679620103563 0.6912287875499095 18.153831805204824 255 255 255
-4.220160609658128 1.335772026613888 17.332346638935537 255 255 255
3.387894873242205 1.6514436619320456 17.100169393068008 255 255 255
2.694618923579069 1.9448750527329246 17.98855222574654 255 255 255
2.4338443107504673 -2.0778633553816617 18.763275323608852 255 255 255
-0.08644291464525586 -0.9078793943446373 17.847784823822437 255 255 255
-1.9185132120514068 -1.4489674546959879 17.33642439113025 255 255 255
-0.5974569231559441 -1.7646310462857555 18.10367509934355 255 255 255
-2.1269611309432306 2.154135480821706 17.038362017504426 255 255 255
3.367885444575473 1.9365190104328538 17.581796186803313 255 255 255
-3.3218925192246505 1.0609135509153989 17.017630302573398 255 255 255
3.208659126893522 0.5258838658517685 17.397013030583906 255 255 255
1.1858741366456549 1.2452437849535203 18.08514894395042 255 255 255
1.1566259436189965 -1.0163662385374896 18.468729096572016 255 255 255
3.2927135191727017 -0.009519321363878622 17.389053386291284 255 255 255
-1.573448841799383 -1.4783001211326379 17.311789118539394 255 255 255
-0.12769076335647278 3.2104986661902686 17.396222208805682 255 255 255
3.042953525694994 3.5805369478712636 17.59426139062649 255 255 255
3.556598502260525 0.33077920951111295 16.939717094713938 255 255 255
-2.468857822093901 -0.9665226693199511 17.375352122795963 255 255 255
-3.5311149762616356 -1.026044209169157 17.13996268181922 255 255 255
5.779196129396522 13.243034500162889 58.76078277564985 255 255 255
2.3814965410871327 3.5289545248286434 18.782407348256108 255 255 255
-1.1969475057432615 -1.0970416874349365 17.692639335329435 255 255 255
3.304455283498724 1.3248423550033022 17.594870729388404 255 255 255
-3.7016024488071033 1.4833856277382178 16.504845555226872 255 255 255
2.9387503749567805 1.2588179679200482 17.30989706065363 255 255 255
-4.212379634026258 1.349579013588377 17.597850576119928 255 255 255
3.9058742410595415 -1.672270494038977 16.822715634732603 255 255 255
-0.0011354187573344094 -0.8148358427044955 18.61190458871231 255 255 255
-2.48879253025612 -1.0820384314652263 17.435809073798055 255 255 255
1.6398659705617966 1.1972552184226073 18.096255396774858 255 255 255
3.6818784225938157 -1.3685113091498062 16.585595668934932 255 255 255
3.802557089038558 2.3003125018715624 16.702852483898806 255 255 255
2.5531027056025533 1.4100656065863761 17.607019011017936 255 255 255
-2.8645119896310427 1.3393250895500792 16.87291636072293 255 255 255
-2.2326475212377908 2.715902206883 16.78045631412844 255 255 255
-0.09787510390232691 2.8212106640459313 17.17579269730927 255 255 255
2.966476891142486 -2.1106333610397257 17.99853556885681 255 255 255
-0.1095190656569114 -0.902020638589016 18.15495004773232 255 255 255
-3.826398930673166 -1.33320932766237 16.11534828732965 255 255 255
-4.521383451573882 -2.2257255663063065 16.334332414833742 255 255 255
2.5091634469908453 0.8889463263241612 18.38309394292122 255 255 255
2.4787871028808444 -0.9306456869969969 18.631255420329836 255 255 255
0.2530359209216632 1.2941494186607123 17.916386019501324 255 255 255
-0.05318387967462148 -1.6613322524414473 17.867471372843415 255 255 255
2.8552792035762273 1.123431129029315 17.98651507792788 255 255 255
-0.1580547341557769 -0.97687113030648 18.028120187280177 255 255 255
-2.992854182624181 0.835033019855942 17.236237490275006 255 255 255
-3.510974624595247 0.6420223217051102 16.96539954211722 255 255 255
-0.8688041857885487 -0.8792009893633367 18.07127706790206 255 255 255
-4.423987284373829 0.8482270236202559 16.42585350493816 255 255 255
-2.4315234077324073 0.18313490338269295 17.47693063371272 255 255 255
3.766584602176535 2.2988037380931354 16.813168940975714 255 255 255
-1.4824831079726137 -0.4574810394199769 18.023732603481964 255 255 255
0.20960315089909987 1.1403195512277502 17.713572599743344 255 255 255
3.339489635616763 3.313582409050718 16.97569674741026 255 255 255
-0.152808420020475 2.9923302788889967 17.20167418668035 255 255 255
-3.110726905680389 -1.2723269687375867 17.312800906973543 255 255 255
1.7025284408879395 1.0982321178530488 18.466072837505557 255 255 255
-4.543747431101328 1.1171882359502243 17.682200977956434 255 255 255
-2.48879253025612 -1.0820384314652263 17.435809073798055 255 255 255
3.5025383928207963 1.5001652318907153 17.055757197441384 255 255 255
2.832883574955372 0.6962988400282811 17.81865149708002 255 255 255
3.3824159579916753 -0.9528644278991534 17.37667591639164 255 255 255
-5.705575555166225 -1.0866190199491974 17.303472579063808 255 255 255
-5.7371377785050655 -2.2912365060953306 17.81143702660937 255 255 255
3.0072045071195896 3.4245136883150495 17.638913460415477 255 255 255
3.953568587090736 -2.4481774519768558 17.22965141232918 255 255 255
-3.200844840101167 -0.1416366635451124 17.237479773224955 255 255 255
1.3370713806700627 -0.45916231090769827 18.962312489518972 255 255 255
3.9813116479385866 -0.7631719061027069 16.647561538541503 255 255 255
-5.231258279831283 0.7928192073602713 17.324571069880516 255 255 255
-2.925701970977709 2.573331758248325 17.283885789746456 255 255 255
-3.7649997082296074 1.4933703623402563 16.477484663389514 255 255 255
3.347654204129866 3.087235336421888 17.21886559238308 255 255 255
3.6069536305361565 3.4561683514610064 17.35864069063799 255 255 255
-1.6795947997012937 -1.458387293770266 20.49405806753525 255 255 255
3.599732097990488 -0.17208807676445398 17.22437569823015 255 255 255
-2.6993438023990435 -1.799421357817307 17.214162100522923 255 255 255
-5.368471241616129 0.03295356205449345 17.441740186455345 255 255 255
-0.07563765736025915 2.9670084626175313 17.882995952339613 255 255 255
-3.72499546516274 1.5994832181529366 16.17766269985249 255 255 255
10.412848517176519 -18.69304850448597 55.50762304891552 255 255 255
3.5664006269187563 -1.5705184585542524 12.344851232629365 255 255 255
-2.3131002583242664 2.6933550593150968 16.588844845983512 255 255 255
2.764914470974136 -0.8891051530292555 17.721593454863317 255 255 255
-0.2508946077842036 -1.127668385758435 18.09286098171574 255 255 255
-4.476674672174059 -2.5493218055298223 16.051023708123115 255 255 255
-5.367141680850999 -0.4023794248877516 17.328661235463915 255 255 255
3.73933404985457 1.1109666338912931 17.165746857986882 255 255 255
-0.1230310889385961 2.442283582667213 17.382742905929092 255 255 255
3.9736116781828295 2.809756722645083 16.93113244235987 255 255 255
-1.2062239552549345 -0.8548714892706438 17.940222015259288 255 255 255
3.7346519237671307 3.5194316192865926 17.812912390390583 255 255 255
2.3766055360914677 1.264215072148137 19.05770854072503 255 255 255
2.836887599421468 -1.9482915270389165 18.05970130425567 255 255 255
2.957286629106826 1.8470846565283736 18.23482621403261 255 255 255
-4.238866596030902 -2.092668466565739 16.037269097676862 255 255 255
-1.0440577568469418 2.5993352740419953 17.67062777084391 255 255 255
-4.923227914542031 -2.232078338532931 16.80414234762568 255 255 255
1.0792169988846598 -1.042518103918726 18.401481824507805 255 255 255
2.236391499429108 -1.1318241102332287 17.877708437671085 255 255 255
-3.695130330210612 1.340719804611361 16.557619382764717 255 255 255
-5.5796684905310405 -0.8215509585039015 17.760064422076255 255 255 255
-1.452854409984014 -1.3287299296044546 20.594550134347568 255 255 255
-4.275520252944013 -2.3893988086696534 15.9444896490016 255 255 255
-2.72915318412487 -1.743866603375734 17.337734025712148 255 255 255
-5.933004624035297 -0.8218905304981431 18.210921434112755 255 255 255
-0.34988101148790995 -1.3756416901469957 22.91993884244223 255 255 255
-4.1047887784289845 1.3455274366085486 16.88058690759077 255 255 255
-3.995599440751868 0.6724759587936177 15.334652429478178 255 255 255
2.173341343948437 3.5056814881142855 18.24928084802766 255 255 255
2.6700352731545425 -0.6714477782790309 18.121873553427545 255 255 255
-0.34134417779966403 3.1783122271265807 17.53508096920053 255 255 255
-3.559622632510522 2.0143386710244706 17.18293699628183 255 255 255
2.907992655676459 0.8509213984332328 17.998364549427034 255 255 255
-2.9616638877280317 1.7560822400168183 16.970952476653142 255 255 255
-0.5011965077737759 2.703827917873227 17.27548222494187 255 255 255
-3.194520407751244 -1.5866833332446129 16.91335190232543 255 255 255
-1.213161152132073 2.788737995228224 17.552844853954696 255 255 255
-2.7519360970423556 -1.9795325554648011 17.321335335122072 255 255 255
-2.8636401006498584 2.6094860369151096 16.795775675565313 255 255 255
-1.9697142811492856 2.7671772157195096 16.37939179296125 255 255 255
-4.066382488199088 1.3571025744917877 16.776537339105836 255 255 255
-4.789688469076328 -2.1987128404675578 16.455368318514974 255 255 255
2.6339038256811858 -1.3155849544113223 23.16339600371912 255 255 255
2.9012359390370968 3.6683445785438864 17.38563915441563 255 255 255
-4.712724719074335 0.8926466167343209 16.652276785132834 255 255 255
0.6391816467969242 0.5734843209474451 17.894318174758347 255 255 255
1.879831767849785 0.5741562521511347 18.19985747749608 255 255 255
-0.38387960275310096 -1.4903368185308659 17.76476123822116 255 255 255
3.086569359423701 1.745585726349454 17.351926269873964 255 255 255
-0.17555522488640368 -0.866126598440905 18.591508122542663 255 255 255
2.487252734596542 -1.2178205731282137 21.658123428642853 255 255 255
2.7929762196794874 4.570517226567226 22.304965527943782 255 255 255
-0.5973310157074396 -1.6000733497455728 17.67189001285091 255 255 255
-2.6850112297559203 2.574652120108265 16.671556420619414 255 255 255
